absolute_target,path,action,status,functions,acceptance
E:/projects/codex/aether/AgentJYS-main/tests/component_configuration.py,tests/component_configuration.py,保留业务/故障/契约断言，metadata fixture改真实Azure PG；对象/向量/缓存业务fixture改真实后端；仅受控故障响应单独标识,待清单确认后实施；当前未改测试,,逐例schema/prefix/collection隔离；当前失败不删；pytest collection与真实业务门禁必须执行，不用skip制造完成
E:/projects/codex/aether/AgentJYS-main/tests/integration/test_client_admission.py,tests/integration/test_client_admission.py,保留业务/故障/契约断言，metadata fixture改真实Azure PG；对象/向量/缓存业务fixture改真实后端；仅受控故障响应单独标识,待清单确认后实施；当前未改测试,test_journaled_command_cannot_bypass_original_owner_and_bytes; test_journaled_command_requires_confirmed_original_input; test_original_task_survives_owner_change_and_remains_queryable; test_each_journaled_mutation_requires_owner_before_business_change; test_checkpoint_and_operation_index_commit_atomically; test_rejected_caller_cannot_poison_the_original_command_input; test_malformed_executor_headers_are_rejected_before_admission; test_other_temporal_commands_enforce_the_same_original_caller; test_document_admission_keeps_original_target_and_content_type; test_final_transaction_rechecks_owner_after_p2_input_io; test_observed_operation_cannot_be_posted_or_rebound_to_a_later_run; test_admission_index_and_original_executor_evidence_survive_service_restart; test_running_temporal_task_completes_after_caller_owner_changes,逐例schema/prefix/collection隔离；当前失败不删；pytest collection与真实业务门禁必须执行，不用skip制造完成
E:/projects/codex/aether/AgentJYS-main/tests/integration/test_client_definitions.py,tests/integration/test_client_definitions.py,保留业务/故障/契约断言，metadata fixture改真实Azure PG；对象/向量/缓存业务fixture改真实后端；仅受控故障响应单独标识,待清单确认后实施；当前未改测试,test_definition_must_be_ready_before_start_and_survives_service_rebuild; test_changed_definition_is_rejected_before_p2_io; test_legacy_run_cannot_be_backfilled_with_current_definition; test_definition_final_commit_failure_leaves_pending_and_prevents_execution; test_definition_corruption_is_not_repaired_by_ready_retry; test_identity_revoked_during_definition_io_is_rejected; test_original_owner_cannot_finish_definition_write_after_owner_changes; test_same_run_registration_does_not_replace_original_definition,逐例schema/prefix/collection隔离；当前失败不删；pytest collection与真实业务门禁必须执行，不用skip制造完成
E:/projects/codex/aether/AgentJYS-main/tests/integration/test_client_initialization.py,tests/integration/test_client_initialization.py,保留业务/故障/契约断言，metadata fixture改真实Azure PG；对象/向量/缓存业务fixture改真实后端；仅受控故障响应单独标识,待清单确认后实施；当前未改测试,test_confirmation_preserves_hold_binding_writer_and_run; test_missing_reservation_needs_original_bytes_and_records_actual_writer; test_exact_payload_cannot_repair_ready_or_corrupt_objects; test_missing_pending_bytes_without_original_remain_unconfirmed; test_confirmation_rejects_wrong_intent_before_p2; test_confirmation_revalidates_after_p2_read; test_confirmation_transaction_failure_leaves_pending_and_hold; test_initialization_confirmation_distinguishes_before_business_from_started; test_transfer_during_missing_byte_restore_cannot_confirm_for_later_owner; test_running_record_cannot_invent_missing_definition_confirmation; test_confirmation_requires_intact_reservation_and_transfer; test_confirmation_stream_enforces_ingress_limit_before_object_io,逐例schema/prefix/collection隔离；当前失败不删；pytest collection与真实业务门禁必须执行，不用skip制造完成
E:/projects/codex/aether/AgentJYS-main/tests/integration/test_client_inputs.py,tests/integration/test_client_inputs.py,保留业务/故障/契约断言，metadata fixture改真实Azure PG；对象/向量/缓存业务fixture改真实后端；仅受控故障响应单独标识,待清单确认后实施；当前未改测试,test_original_bytes_survive_restart_without_admitting_business; test_invalid_preparation_is_rejected_before_p2_write; test_p2_write_then_commit_failure_retains_pending_and_original_run; test_ready_receipt_retry_revalidates_original_p2_bytes; test_owner_change_during_p2_io_rejects_late_writer; test_observed_old_request_cannot_be_backfilled; test_identity_revoked_during_p2_call_cannot_complete_request; test_input_read_preserves_p2_authorization_failure; test_legacy_unbound_input_cannot_be_read_or_backfilled; test_input_http_size_limit_prevents_p2_io_and_metadata_creation; test_missing_p2_provider_has_no_local_input_fallback; test_concurrent_original_input_writers_keep_same_receipt_and_run,逐例schema/prefix/collection隔离；当前失败不删；pytest collection与真实业务门禁必须执行，不用skip制造完成
E:/projects/codex/aether/AgentJYS-main/tests/integration/test_client_recovery_inputs.py,tests/integration/test_client_recovery_inputs.py,保留业务/故障/契约断言，metadata fixture改真实Azure PG；对象/向量/缓存业务fixture改真实后端；仅受控故障响应单独标识,待清单确认后实施；当前未改测试,test_confirm_original_input_preserves_writer_bytes_journal_and_hold; test_input_confirmation_keeps_pending_after_missing_bytes_or_failed_commit; test_input_confirmation_cannot_publish_after_owner_changes_during_object_read,逐例schema/prefix/collection隔离；当前失败不删；pytest collection与真实业务门禁必须执行，不用skip制造完成
E:/projects/codex/aether/AgentJYS-main/tests/integration/test_client_recovery_reads.py,tests/integration/test_client_recovery_reads.py,保留业务/故障/契约断言，metadata fixture改真实Azure PG；对象/向量/缓存业务fixture改真实后端；仅受控故障响应单独标识,待清单确认后实施；当前未改测试,test_recovery_read_preserves_original_pending_or_ready_object; test_recovery_read_cannot_reconstruct_missing_or_corrupt_original_bytes; test_recovery_read_rejects_stale_expectation_before_object_io; test_recovery_read_revalidates_after_p2_io; test_recovery_read_is_unavailable_after_explicit_activation; test_recovery_read_requires_intact_hold_and_object_evidence; test_recovery_reads_keep_old_pending_stream_distinct_from_confirmed_head; test_recovery_read_requires_recover_permission_in_addition_to_diagnose; test_recovery_state_with_matching_hash_but_foreign_envelope_is_rejected,逐例schema/prefix/collection隔离；当前失败不删；pytest collection与真实业务门禁必须执行，不用skip制造完成
E:/projects/codex/aether/AgentJYS-main/tests/integration/test_client_recovery_safety.py,tests/integration/test_client_recovery_safety.py,保留业务/故障/契约断言，metadata fixture改真实Azure PG；对象/向量/缓存业务fixture改真实后端；仅受控故障响应单独标识,待清单确认后实施；当前未改测试,test_stale_recovery_cannot_reserve_state_or_release_hold; test_activation_revalidates_identity_and_recover_permission; test_read_permission_alone_does_not_allow_activation; test_activation_receipt_failure_rolls_back_head_hold_and_ready_state; test_transfer_during_recovery_object_io_cannot_activate_old_owner; test_original_activation_receipt_survives_restart_and_cannot_rewind_later_owner; test_corrupt_activation_metadata_cannot_be_returned_as_original_evidence,逐例schema/prefix/collection隔离；当前失败不删；pytest collection与真实业务门禁必须执行，不用skip制造完成
E:/projects/codex/aether/AgentJYS-main/tests/integration/test_client_run_registry.py,tests/integration/test_client_run_registry.py,保留业务/故障/契约断言，metadata fixture改真实Azure PG；对象/向量/缓存业务fixture改真实后端；仅受控故障响应单独标识,待清单确认后实施；当前未改测试,test_completed_registry_survives_p3_reconstruction_and_keeps_original_binding; test_concurrent_admission_creates_one_run_and_retains_active_slot; test_checkpoint_fences_owner_revision_identity_and_terminal_state; test_invalid_snapshot_is_rejected_without_consuming_admission_slot; test_checkpoint_cannot_drop_or_rebind_prepared_operations; test_revoked_epoch_cannot_read_mutate_or_recreate_an_existing_run; test_unknown_effect_cannot_release_admission_or_rewind_progress; test_inconsistent_operation_receipt_is_rejected_before_checkpoint; test_operation_receipt_requires_a_prior_committed_intent; test_reference_backup_restores_original_registry_and_active_slot,逐例schema/prefix/collection隔离；当前失败不删；pytest collection与真实业务门禁必须执行，不用skip制造完成
E:/projects/codex/aether/AgentJYS-main/tests/integration/test_client_scopes.py,tests/integration/test_client_scopes.py,保留业务/故障/契约断言，metadata fixture改真实Azure PG；对象/向量/缓存业务fixture改真实后端；仅受控故障响应单独标识,待清单确认后实施；当前未改测试,test_run_namespace_and_registration_are_persistent; test_new_operation_id_cannot_write_into_managed_scope; test_managed_claim_cannot_write_outside_its_scope; test_original_managed_write_works_and_ordinary_scopes_still_work; test_unregistered_operation_cannot_preempt_managed_document_namespace; test_every_mutation_rejects_unjournaled_managed_target; test_correction_checks_actual_metadata_without_staging_rejected_input; test_namespace_reservation_is_atomic_with_registration; test_final_admission_rechecks_namespace_after_p2_input_read; test_explicit_managed_recall_is_fenced_but_unscoped_recall_is_available; test_terminal_namespace_stays_reserved_and_new_run_cannot_target_it; test_unscoped_collection_writes_do_not_change_managed_policies; test_legacy_registration_does_not_acquire_scope_policy; test_managed_registration_rejects_home_bound_to_task,逐例schema/prefix/collection隔离；当前失败不删；pytest collection与真实业务门禁必须执行，不用skip制造完成
E:/projects/codex/aether/AgentJYS-main/tests/integration/test_client_state_streams.py,tests/integration/test_client_state_streams.py,保留业务/故障/契约断言，metadata fixture改真实Azure PG；对象/向量/缓存业务fixture改真实后端；仅受控故障响应单独标识,待清单确认后实施；当前未改测试,test_legacy_envelope_binding_and_transfer_hash_do_not_gain_null_fields; test_history_requires_actual_ancestor_across_streams; test_activation_must_keep_current_journal_including_unobserved_tail,逐例schema/prefix/collection隔离；当前失败不删；pytest collection与真实业务门禁必须执行，不用skip制造完成
E:/projects/codex/aether/AgentJYS-main/tests/integration/test_client_states.py,tests/integration/test_client_states.py,保留业务/故障/契约断言，metadata fixture改真实Azure PG；对象/向量/缓存业务fixture改真实后端；仅受控故障响应单独标识,待清单确认后实施；当前未改测试,test_state_head_and_original_bytes_survive_service_rebuild; test_state_rejects_changed_parent_identity_and_operation_prefix; test_new_state_policy_requires_current_checkpoint_before_business_admission; test_history_is_readable_but_cannot_replace_the_current_head; test_ready_state_corruption_cannot_be_repaired_by_retry; test_state_head_commit_failure_preserves_pending_and_original_bytes; test_state_io_rechecks_current_identity; test_state_writer_fence_is_rechecked_after_io; test_concurrent_state_writes_publish_one_head; test_invalid_state_payload_never_reaches_p2; test_state_policy_requires_original_definition_and_managed_scope; test_original_operation_order_cannot_be_changed; test_state_preserves_p2_errors_and_can_retry_original_pending_state; test_p2_saved_bytes_with_lost_reply_are_confirmed_without_overwrite; test_read_checks_original_state_against_published_head; test_closed_run_state_is_readable_but_new_state_is_fenced; test_existing_state_policy_cannot_be_downgraded; test_legacy_run_cannot_receive_retroactive_execution_state,逐例schema/prefix/collection隔离；当前失败不删；pytest collection与真实业务门禁必须执行，不用skip制造完成
E:/projects/codex/aether/AgentJYS-main/tests/integration/test_client_transfer_races.py,tests/integration/test_client_transfer_races.py,保留业务/故障/契约断言，metadata fixture改真实Azure PG；对象/向量/缓存业务fixture改真实后端；仅受控故障响应单独标识,待清单确认后实施；当前未改测试,test_admission_committed_before_transfer_keeps_original_temporal_job; test_transfer_committed_first_rejects_waiting_old_admission; test_old_state_object_write_cannot_publish_after_transfer,逐例schema/prefix/collection隔离；当前失败不删；pytest collection与真实业务门禁必须执行，不用skip制造完成
E:/projects/codex/aether/AgentJYS-main/tests/integration/test_client_transfers.py,tests/integration/test_client_transfers.py,保留业务/故障/契约断言，metadata fixture改真实Azure PG；对象/向量/缓存业务fixture改真实后端；仅受控故障响应单独标识,待清单确认后实施；当前未改测试,test_transfer_receipt_preserves_original_snapshot_head_and_survives_restart; test_transfer_rejects_changed_expectations_without_receipt_or_owner_change; test_competing_transfers_have_one_owner_and_idempotent_original_result; test_failed_receipt_commit_rolls_back_owner_history_and_hold; test_transfer_fences_old_owner_and_holds_new_progress_and_state_writes; test_unknown_legacy_ownership_is_not_backfilled_by_transfer; test_transfer_holds_prepared_business_for_both_old_and_new_owner; test_unconfirmed_transfer_preserves_original_error_and_journal; test_transfer_cannot_cross_authentication_or_identity; test_read_permission_does_not_grant_transfer_permission; test_transfer_replay_and_lookup_revalidate_original_identity_epoch; test_legacy_managed_record_cannot_acquire_invented_owner_history; test_older_transfer_lookup_never_rewinds_a_newer_owner; test_full_ownership_history_keeps_receipts_but_refuses_another_transfer; test_closed_run_cannot_regain_active_slot_through_transfer; test_transfer_requires_original_active_slot; test_transfer_cannot_reuse_any_previous_owner,逐例schema/prefix/collection隔离；当前失败不删；pytest collection与真实业务门禁必须执行，不用skip制造完成
E:/projects/codex/aether/AgentJYS-main/tests/integration/test_current_p2.py,tests/integration/test_current_p2.py,保留P2客户端/协议/TLS与独立engine验证；元数据夹具显式Azure PG，不退回SQLite,待清单确认后实施；当前未改测试,test_actual_object_put_read_range_metadata_and_delete; test_actual_input_can_be_loaded_by_another_worker_directory; test_actual_projection_search_and_delete_consume_p2; test_actual_p2_temporal_save_and_runtime_restart; test_actual_p2_process_restart_restores_objects_vectors_and_tombstones,逐例schema/prefix/collection隔离；当前失败不删；pytest collection与真实业务门禁必须执行，不用skip制造完成
E:/projects/codex/aether/AgentJYS-main/tests/integration/test_current_p2_http.py,tests/integration/test_current_p2_http.py,保留P2客户端/协议/TLS与独立engine验证；元数据夹具显式Azure PG，不退回SQLite,待清单确认后实施；当前未改测试,test_actual_p2_http_save_recall_restart_correct_and_delete,逐例schema/prefix/collection隔离；当前失败不删；pytest collection与真实业务门禁必须执行，不用skip制造完成
E:/projects/codex/aether/AgentJYS-main/tests/integration/test_http_admission_evidence.py,tests/integration/test_http_admission_evidence.py,保留业务/故障/契约断言，metadata fixture改真实Azure PG；对象/向量/缓存业务fixture改真实后端；仅受控故障响应单独标识,待清单确认后实施；当前未改测试,test_original_http_bytes_and_target_survive_semantic_retry_and_restart; test_http_evidence_write_failure_rolls_back_original_admission; test_http_retry_does_not_backfill_an_existing_non_http_task; test_http_retry_does_not_backfill_a_non_http_mutation; test_ledger_idempotency_hit_cannot_replace_original_http_evidence; test_p4_confirms_original_document_version_after_actual_response_loss,逐例schema/prefix/collection隔离；当前失败不删；pytest collection与真实业务门禁必须执行，不用skip制造完成
E:/projects/codex/aether/AgentJYS-main/tests/integration/test_p4_initialization_boundaries.py,tests/integration/test_p4_initialization_boundaries.py,保留业务/故障/契约断言，metadata fixture改真实Azure PG；对象/向量/缓存业务fixture改真实后端；仅受控故障响应单独标识,待清单确认后实施；当前未改测试,test_invalid_transfer_id_does_not_reserve_a_local_recovery_attempt; test_unavailable_evidence_after_lost_write_cannot_enable_dispatch; test_original_pending_initial_state_is_preserved_after_real_recovery; test_new_instance_requires_new_explicit_transfer_after_prior_activation; test_advanced_original_activation_is_returned_without_dispatch; test_another_activation_intent_is_not_adopted_as_initialization,逐例schema/prefix/collection隔离；当前失败不删；pytest collection与真实业务门禁必须执行，不用skip制造完成
E:/projects/codex/aether/AgentJYS-main/tests/integration/test_p4_initialization_recovery.py,tests/integration/test_p4_initialization_recovery.py,保留业务/故障/契约断言，metadata fixture改真实Azure PG；对象/向量/缓存业务fixture改真实后端；仅受控故障响应单独标识,待清单确认后实施；当前未改测试,test_original_initialization_runs_to_completion_without_recapturing_definition; test_missing_original_definition_blocks_dispatch_until_exact_original_is_supplied; test_lost_initialization_replies_resolve_same_intent_and_never_dispatch_early; test_concurrent_and_repeated_initialization_calls_submit_once; test_failed_submission_can_retry_without_running_an_already_queued_wrapper; test_initialized_or_incompatible_run_cannot_restart_whole_story; test_old_activation_receipt_cannot_restart_under_a_later_owner; test_paused_original_executor_is_fenced_before_first_state_and_business,逐例schema/prefix/collection隔离；当前失败不删；pytest collection与真实业务门禁必须执行，不用skip制造完成
E:/projects/codex/aether/AgentJYS-main/tests/integration/test_rf_completion.py,tests/integration/test_rf_completion.py,保留业务/故障/契约断言，metadata fixture改真实Azure PG；对象/向量/缓存业务fixture改真实后端；仅受控故障响应单独标识,待清单确认后实施；当前未改测试,test_cache_probe_preserves_crlf_and_rejects_invalid_utf8; test_runtime_counts_attention_without_scanning_completed_history; test_automatic_cache_repair_and_independent_readback; test_repair_recovery_after_response_loss_does_not_resubmit; test_other_scope_and_revoked_identity_cannot_repair; test_progress_reuses_persisted_parts_after_restart; test_progress_part_rolls_back_with_business_result,逐例schema/prefix/collection隔离；当前失败不删；pytest collection与真实业务门禁必须执行，不用skip制造完成
E:/projects/codex/aether/AgentJYS-main/tests/runtime/flows/remember_helpers.py,tests/runtime/flows/remember_helpers.py,保留业务/故障/契约断言，metadata fixture改真实Azure PG；对象/向量/缓存业务fixture改真实后端；仅受控故障响应单独标识,待清单确认后实施；当前未改测试,,逐例schema/prefix/collection隔离；当前失败不删；pytest collection与真实业务门禁必须执行，不用skip制造完成
E:/projects/codex/aether/AgentJYS-main/tests/runtime/flows/test_async_recall_postgres.py,tests/runtime/flows/test_async_recall_postgres.py,保留业务/故障/契约断言，metadata fixture改真实Azure PG；对象/向量/缓存业务fixture改真实后端；仅受控故障响应单独标识,待清单确认后实施；当前未改测试,test_recall_remember_metadata_boundary_does_not_block_heartbeat; test_empty_recall_plan_pg_checks_and_persistence_leave_heartbeat_runnable,逐例schema/prefix/collection隔离；当前失败不删；pytest collection与真实业务门禁必须执行，不用skip制造完成
E:/projects/codex/aether/AgentJYS-main/tests/runtime/flows/test_azure_objects.py,tests/runtime/flows/test_azure_objects.py,保留业务/故障/契约断言，metadata fixture改真实Azure PG；对象/向量/缓存业务fixture改真实后端；仅受控故障响应单独标识,待清单确认后实施；当前未改测试,test_in_process_body_cache_cannot_bypass_ceph_resource_binding; test_source_range_uses_bound_ceph_bytes_without_local_spool; test_write_confirms_original_bytes_and_uses_environment_prefix; test_same_key_replay_compares_bytes_instead_of_overwriting; test_lost_write_response_rechecks_same_object; test_corrupt_response_is_rejected; test_missing_object_differs_from_bucket_or_authorization_failure; test_deletion_and_read_use_the_same_environment_namespace; test_invalid_logical_key_cannot_escape_namespace; test_public_endpoint_requires_verified_https_before_loading_credentials; test_explicit_http_opt_in_still_requires_named_s3_credentials; test_unknown_ca_file_is_rejected_before_network_access,逐例schema/prefix/collection隔离；当前失败不删；pytest collection与真实业务门禁必须执行，不用skip制造完成
E:/projects/codex/aether/AgentJYS-main/tests/runtime/flows/test_azure_storage_assembly.py,tests/runtime/flows/test_azure_storage_assembly.py,保留业务/故障/契约断言，metadata fixture改真实Azure PG；对象/向量/缓存业务fixture改真实后端；仅受控故障响应单独标识,待清单确认后实施；当前未改测试,test_complete_provider_bundle_constructs_runtime_without_opening_sqlite; test_failed_runtime_attachment_releases_real_metadata_and_log_connections; test_azure_service_assembles_actual_providers_and_closes_them,逐例schema/prefix/collection隔离；当前失败不删；pytest collection与真实业务门禁必须执行，不用skip制造完成
E:/projects/codex/aether/AgentJYS-main/tests/runtime/flows/test_current_p2_vectors.py,tests/runtime/flows/test_current_p2_vectors.py,保留P2客户端/协议/TLS与独立engine验证；元数据夹具显式Azure PG，不退回SQLite,待清单确认后实施；当前未改测试,test_project_uses_p2_and_inspection_checks_exact_payload; test_scope_and_model_filtering_is_partial_when_wire_bound_is_reached; test_lost_projection_response_keeps_original_operation_queryable; test_changed_payload_and_deleted_projection_cannot_be_reinserted; test_unsearchable_projection_does_not_prove_absence; test_lost_delete_ack_cannot_be_resolved_by_search_miss; test_delete_before_projection_prevents_late_insert; test_duplicate_search_rows_are_not_exact_projection_evidence; test_generation_search_accepts_equivalent_unit_vector_metrics; test_expired_short_request_deadline_stops_before_p2_or_intent; test_projection_deadline_preserves_original_intent_and_never_reinserts; test_search_wait_is_bounded_by_short_request_deadline; test_inspect_rechecks_memory_grant_after_remote_reply; test_search_rejects_duplicate_ids_and_excess_rows; test_concurrent_duplicate_and_delete_fence_late_projection,逐例schema/prefix/collection隔离；当前失败不删；pytest collection与真实业务门禁必须执行，不用skip制造完成
E:/projects/codex/aether/AgentJYS-main/tests/runtime/flows/test_flows.py,tests/runtime/flows/test_flows.py,保留业务/故障/契约断言，metadata fixture改真实Azure PG；对象/向量/缓存业务fixture改真实后端；仅受控故障响应单独标识,待清单确认后实施；当前未改测试,test_write_recall_and_automatic_real_cache; test_correct_filters_old_vectors_and_invalidates_old_pack; test_delete_blocks_old_pack_and_cleans_cache; test_scope_isolation_across_all_flows; test_vector_outage_is_degraded_or_failed_not_fake_empty; test_context_budget_is_measured_and_too_small_fails; test_duplicate_read_events_do_not_double_heat; test_lost_execution_response_queries_original_action; test_archive_and_reactivate; test_delete_source_blocks_working_and_derived; test_inflight_extraction_cannot_resurrect_deleted_working; test_save_idempotency_same_operation_rejects_different_input; test_read_only_user_can_recall_and_feed_internal_operate; test_delete_original_working_also_blocks_derived_facts; test_restart_preserves_context_and_executor_evidence; test_lost_executor_history_stays_unknown; test_tampered_embedding_never_marks_projection_ready; test_langmem_adapter_rejects_unsubstantiated_candidate; test_cache_verification_preserves_exact_crlf_bytes; test_cli_requires_explicit_temporal_configuration; test_component_directories_do_not_join_each_others_workflows,逐例schema/prefix/collection隔离；当前失败不删；pytest collection与真实业务门禁必须执行，不用skip制造完成
E:/projects/codex/aether/AgentJYS-main/tests/runtime/flows/test_generation_candidates.py,tests/runtime/flows/test_generation_candidates.py,保留业务/故障/契约断言，metadata fixture改真实Azure PG；对象/向量/缓存业务fixture改真实后端；仅受控故障响应单独标识,待清单确认后实施；当前未改测试,test_unique_memory_top_k_and_real_sqlite_paging; test_source_filter_applies_before_chunk_budget_with_legacy_long_term_rows; test_unqualified_high_score_does_not_take_slot; test_qualification_response_must_cover_exact_targets; test_discovery_budget_not_claimed_complete; test_dependency_unavailable_is_not_empty_success; test_scope_isolation_at_search_boundary; test_corrupt_vector_rejected; test_conflicting_revision_has_only_one_bounded_retry; test_invalid_page_fails_closed; test_cancel_propagates; test_revocation_during_qualification_not_degraded; test_authority_manifest_matches_full_model_space; test_sync_dependency_cannot_overrun_shorter_request_deadline; test_equal_scores_have_stable_memory_order_across_pages; test_retry_converges_without_excluded_high_score,逐例schema/prefix/collection隔离；当前失败不删；pytest collection与真实业务门禁必须执行，不用skip制造完成
E:/projects/codex/aether/AgentJYS-main/tests/runtime/flows/test_generation_commit.py,tests/runtime/flows/test_generation_commit.py,保留业务/故障/契约断言，metadata fixture改真实Azure PG；对象/向量/缓存业务fixture改真实后端；仅受控故障响应单独标识,待清单确认后实施；当前未改测试,test_commit_and_replay_do_not_duplicate_packed_events; test_commit_rejects_stale_or_forged_plan_without_partial_effects; test_last_transaction_hook_rolls_back_result_and_events; test_service_status_result_and_repeated_request; test_retrieve_after_revocation_or_other_tenant_denied; test_opt_in_refuses_incomplete_b_providers; test_explicit_host_opt_in_and_unknown_dependency_probe; test_concurrent_duplicate_and_cancel_are_not_success; test_same_operation_different_query_conflicts; test_default_host_cannot_downgrade_generation_result_guard; test_saved_plan_must_match_original_rf_request,逐例schema/prefix/collection隔离；当前失败不删；pytest collection与真实业务门禁必须执行，不用skip制造完成
E:/projects/codex/aether/AgentJYS-main/tests/runtime/flows/test_http.py,tests/runtime/flows/test_http.py,保留业务/故障/契约断言，metadata fixture改真实Azure PG；对象/向量/缓存业务fixture改真实后端；仅受控故障响应单独标识,待清单确认后实施；当前未改测试,test_http_uses_shared_services_auth_scoping_and_health; test_http_worker_runs_queued_tasks_and_stops_on_shutdown,逐例schema/prefix/collection隔离；当前失败不删；pytest collection与真实业务门禁必须执行，不用skip制造完成
E:/projects/codex/aether/AgentJYS-main/tests/runtime/flows/test_http_request_deadline.py,tests/runtime/flows/test_http_request_deadline.py,保留业务/故障/契约断言，metadata fixture改真实Azure PG；对象/向量/缓存业务fixture改真实后端；仅受控故障响应单独标识,待清单确认后实施；当前未改测试,test_deployment_command_budget_reaches_authenticated_context; test_deployment_rejects_unbounded_request_budget,逐例schema/prefix/collection隔离；当前失败不删；pytest collection与真实业务门禁必须执行，不用skip制造完成
E:/projects/codex/aether/AgentJYS-main/tests/runtime/flows/test_keycloak_organizations.py,tests/runtime/flows/test_keycloak_organizations.py,保留业务/故障/契约断言，metadata fixture改真实Azure PG；对象/向量/缓存业务fixture改真实后端；仅受控故障响应单独标识,待清单确认后实施；当前未改测试,test_same_account_roles_are_scoped_to_selected_organization; test_selector_does_not_grant_membership; test_removed_member_and_inflight_context_are_revoked; test_role_downgrade_advances_epoch_and_fences_prior_work; test_stable_refresh_keeps_epoch; test_removed_then_readded_member_cannot_resume_old_context; test_expired_directory_fails_closed_but_static_login_survives; test_static_configuration_reload_preserves_native_directory_rows; test_disabled_tenant_never_reenabled_by_directory_refresh; test_stale_inflight_collection_cannot_override_new_policy; test_failed_duplicate_snapshot_is_atomic; test_disabling_directory_revokes_native_identities; test_directory_reads_native_org_group_roles_without_global_role_union; test_directory_read_failure_does_not_return_partial_membership; test_directory_requires_safe_issuer,逐例schema/prefix/collection隔离；当前失败不删；pytest collection与真实业务门禁必须执行，不用skip制造完成
E:/projects/codex/aether/AgentJYS-main/tests/runtime/flows/test_milvus_connection.py,tests/runtime/flows/test_milvus_connection.py,保留业务/故障/契约断言，metadata fixture改真实Azure PG；对象/向量/缓存业务fixture改真实后端；仅受控故障响应单独标识,待清单确认后实施；当前未改测试,test_serial_writes_remain_locked_after_await_timeout; test_queued_write_is_revalidated_before_sdk_entry; test_server_policy_allows_concurrent_writes_by_default; test_queued_projection_rechecks_object_grant_and_intent; test_existing_collection_rejects_incompatible_contract; test_existing_compatible_collection_is_prepared; test_host_preserves_factory_provider_binding_and_rejects_silent_environment_switch; test_real_lite_creates_and_reopens_collection_with_host_policy; test_secure_milvus_configuration_passes_ca_and_server_name; test_milvus_ca_requires_secure_connection,逐例schema/prefix/collection隔离；当前失败不删；pytest collection与真实业务门禁必须执行，不用skip制造完成
E:/projects/codex/aether/AgentJYS-main/tests/runtime/flows/test_mutation_replay.py,tests/runtime/flows/test_mutation_replay.py,保留业务/故障/契约断言，metadata fixture改真实Azure PG；对象/向量/缓存业务fixture改真实后端；仅受控故障响应单独标识,待清单确认后实施；当前未改测试,test_empty_consolidation_replay_does_not_consume_later_input; test_reprocess_replay_keeps_original_task_after_content_correction; test_distill_replay_keeps_original_task_after_archive; test_same_consolidation_operation_rejects_changed_scope; test_receipt_write_failure_rolls_back_lifecycle_and_enqueued_tasks; test_activation_receipt_records_all_original_admitted_tasks; test_legacy_response_is_not_backfilled_with_invented_identity_provenance; test_changed_target_and_corrupt_original_response_fail_closed; test_lifecycle_receipt_does_not_persist_a_second_authoritative_body; test_distill_rejects_oversized_input_before_target_authorization,逐例schema/prefix/collection隔离；当前失败不删；pytest collection与真实业务门禁必须执行，不用skip制造完成
E:/projects/codex/aether/AgentJYS-main/tests/runtime/flows/test_observability.py,tests/runtime/flows/test_observability.py,保留业务/故障/契约断言，metadata fixture改真实Azure PG；对象/向量/缓存业务fixture改真实后端；仅受控故障响应单独标识,待清单确认后实施；当前未改测试,test_trace_survives_restart_and_reaches_automatic_operate; test_trace_query_does_not_cross_users_or_tenants; test_failed_transaction_keeps_redacted_failure_log; test_diagnostics_require_maintenance_permission; test_process_kill_leaves_open_span_not_success; test_async_cancellation_is_logged; test_health_observes_dependencies_worker_staleness_and_no_recovery; test_health_timeout_and_unconfigured_provider; test_working_health_requires_vector_dependencies_without_blocking_saved_body; test_recall_trace_keeps_dependency_failure_without_lexical_fallback; test_log_failure_does_not_rollback_business_and_is_unhealthy; test_retention_and_pagination_report_partial_coverage,逐例schema/prefix/collection隔离；当前失败不删；pytest collection与真实业务门禁必须执行，不用skip制造完成
E:/projects/codex/aether/AgentJYS-main/tests/runtime/flows/test_postgres_observability.py,tests/runtime/flows/test_postgres_observability.py,保留业务/故障/契约断言，metadata fixture改真实Azure PG；对象/向量/缓存业务fixture改真实后端；仅受控故障响应单独标识,待清单确认后实施；当前未改测试,test_failed_foundation_initialization_closes_acquired_postgres_resources; test_external_postgres_interfaces_preserve_commit_guards_and_restart; test_tenant_logs_trace_restart_and_no_sqlite; test_retention_and_log_failure_does_not_rollback_business; test_log_reader_and_span_writer_have_independent_ready_connections; test_two_postgres_providers_cannot_both_commit_the_same_revision; test_upstream_postgres_otel_and_trace_persistence; test_component_service_keeps_pg_auth_health_and_trace_http; test_missing_upstream_dsn_does_not_fall_back_to_sqlite,逐例schema/prefix/collection隔离；当前失败不删；pytest collection与真实业务门禁必须执行，不用skip制造完成
E:/projects/codex/aether/AgentJYS-main/tests/runtime/flows/test_projection_ownership.py,tests/runtime/flows/test_projection_ownership.py,保留业务/故障/契约断言，metadata fixture改真实Azure PG；对象/向量/缓存业务fixture改真实后端；仅受控故障响应单独标识,待清单确认后实施；当前未改测试,test_host_limits_capabilities_through_save_recall_and_cleanup; test_projection_types_have_one_canonical_owner_and_legacy_aliases; test_sqlite_and_milvus_implementations_are_split_by_business_owner,逐例schema/prefix/collection隔离；当前失败不删；pytest collection与真实业务门禁必须执行，不用skip制造完成
E:/projects/codex/aether/AgentJYS-main/tests/runtime/flows/test_remember_v3.py,tests/runtime/flows/test_remember_v3.py,保留业务/故障/契约断言，metadata fixture改真实Azure PG；对象/向量/缓存业务fixture改真实后端；仅受控故障响应单独标识,待清单确认后实施；当前未改测试,test_batch_model_schema_repair_is_bounded_and_checkpointed; test_invalid_model_exhausts_budget_without_publishing; test_successful_reprocessing_retains_failure_history_but_recovers_state; test_review_keeps_two_episodes_from_same_original_and_current_content; test_cache_fill_racing_source_revocation_is_removed; test_sqlite_p2_is_durable_immutable_and_separate_from_metadata; test_authorization_does_not_require_body_replica_or_available_p2; test_task_input_is_frozen_when_record_lifecycle_changes; test_policy_is_frozen_before_worker_changes; test_concurrent_create_detects_space_change_and_reuses_fact; test_unrelated_evidence_does_not_approve_model_claim; test_same_event_addition_produces_new_version_not_new_event; test_retract_one_of_two_independent_sources_revalidates_remaining; test_single_source_retraction_stays_blocked_without_new_evidence; test_signal_versions_and_importance_are_independent_of_projection,逐例schema/prefix/collection隔离；当前失败不删；pytest collection与真实业务门禁必须执行，不用skip制造完成
E:/projects/codex/aether/AgentJYS-main/tests/runtime/flows/test_tenant_observability.py,tests/runtime/flows/test_tenant_observability.py,保留业务/故障/契约断言，metadata fixture改真实Azure PG；对象/向量/缓存业务fixture改真实后端；仅受控故障响应单独标识,待清单确认后实施；当前未改测试,test_jwt_uses_server_scope_and_supports_jwt_only_principal; test_invalid_jwt_is_rejected; test_malformed_tokens_never_fetch_keys; test_disallowed_algorithm_and_missing_required_claim; test_unknown_kid_is_401_and_refresh_is_bounded; test_jwks_outage_is_503_and_expired_cache_is_not_trusted; test_disabled_tenant_is_forbidden_and_old_context_stays_revoked; test_policy_change_rejects_stale_inflight_verifier; test_legacy_identity_revision_is_compatible; test_unsafe_issuer_config_is_rejected; test_orphan_jwt_principal_config_is_rejected; test_http_jwt_trace_and_json_logs_are_linked_and_redacted; test_http_failure_does_not_export_exception_message; test_http_static_fallback_preserves_forbidden_and_dependency_errors; test_http_bad_context_and_admission_failure_are_logged; test_service_reload_and_mixed_closers; test_durable_context_continues_trace_after_restart; test_otlp_http_exports_real_protobuf_with_linked_redacted_spans; test_jwt_wrong_signature_is_rejected; test_invalid_jwks_fails_closed; test_request_logger_failure_does_not_fail_response; test_shutdown_failure_still_closes_resources_and_releases_lock; test_startup_failure_closes_new_auth_trace_resources; test_http_lifespan_runs_cleanup_when_worker_stop_fails; test_browser_login_disabled_keeps_static_identity_available; test_browser_configuration_exposes_only_public_client_fields; test_current_identity_ignores_client_tenant_and_permission_claims; test_browser_identity_rejects_unsafe_urls; test_browser_identity_rejects_secret_and_invalid_realm; test_browser_login_requires_matching_backend_jwt_issuer,逐例schema/prefix/collection隔离；当前失败不删；pytest collection与真实业务门禁必须执行，不用skip制造完成
E:/projects/codex/aether/AgentJYS-main/tests/runtime/flows/test_working_provider_wiring.py,tests/runtime/flows/test_working_provider_wiring.py,保留业务/故障/契约断言，metadata fixture改真实Azure PG；对象/向量/缓存业务fixture改真实后端；仅受控故障响应单独标识,待清单确认后实施；当前未改测试,test_generation_bootstrap_requires_index_readiness_provider; test_generation_bootstrap_still_requires_body_and_model_contracts; test_injected_milvus_working_projection_and_recall_use_same_backend,逐例schema/prefix/collection隔离；当前失败不删；pytest collection与真实业务门禁必须执行，不用skip制造完成
E:/projects/codex/aether/AgentJYS-main/tests/runtime/native/test_native_adapter.py,tests/runtime/native/test_native_adapter.py,保留业务/故障/契约断言，metadata fixture改真实Azure PG；对象/向量/缓存业务fixture改真实后端；仅受控故障响应单独标识,待清单确认后实施；当前未改测试,test_native_space_persisted_and_resolvable; test_space_reports_loaded_tokenizer_limit; test_space_drift_rejected_without_overwrite; test_query_passage_binding_mismatch_closes_backends; test_embedding_consumer_rejects_wrong_result; test_native_is_default_with_shared_space_and_separate_query_passage; test_operation_fingerprint_rejects_changed_text_but_isolates_users; test_revoked_identity_cannot_receive_computed_vector; test_native_failure_never_falls_back_to_lexical; test_native_deadline_is_enforced; test_long_input_rejected_without_truncation_or_backend_call; test_changed_model_rejected_without_relabeling_existing_database; test_native_database_cannot_silently_switch_to_lexical,逐例schema/prefix/collection隔离；当前失败不删；pytest collection与真实业务门禁必须执行，不用skip制造完成
E:/projects/codex/aether/AgentJYS-main/tests/runtime/p3/test_foundation.py,tests/runtime/p3/test_foundation.py,保留业务/故障/契约断言，metadata fixture改真实Azure PG；对象/向量/缓存业务fixture改真实后端；仅受控故障响应单独标识,待清单确认后实施；当前未改测试,test_rollback_includes_fact_task_and_event; test_request_idempotency_and_content_conflict; test_cross_user_and_cross_tenant_queries_rejected; test_identity_forgery_scope_selector_and_revocation; test_same_tenant_grant_is_explicit_and_revocable; test_cas_tombstone_scope_paging_and_poisoned_transaction; test_nested_transaction_is_rejected; test_mutated_event_is_rejected; test_health_does_not_claim_business_ready; test_duplicate_consume_and_second_consumer_have_independent_inboxes,逐例schema/prefix/collection隔离；当前失败不删；pytest collection与真实业务门禁必须执行，不用skip制造完成
E:/projects/codex/aether/AgentJYS-main/tests/runtime/p3/test_runtime_services.py,tests/runtime/p3/test_runtime_services.py,保留业务/故障/契约断言，metadata fixture改真实Azure PG；对象/向量/缓存业务fixture改真实后端；仅受控故障响应单独标识,待清单确认后实施；当前未改测试,test_typed_logs_are_used_by_real_spans_and_scoped; test_health_cache_expiry_authorization_and_legacy_projection; test_signal_staleness_cardinality_and_cross_tenant_evidence; test_signal_sampling_interval_remains_enforced; test_configuration_and_real_backup_restore_without_overwriting_live_data; test_configuration_change_invalidates_previous_health_evidence; test_rule_revision_cannot_mint_another_unresolved_operation,逐例schema/prefix/collection隔离；当前失败不删；pytest collection与真实业务门禁必须执行，不用skip制造完成
E:/projects/codex/aether/AgentJYS-main/tests/runtime/p3/test_storage_interfaces.py,tests/runtime/p3/test_storage_interfaces.py,保留业务/故障/契约断言，metadata fixture改真实Azure PG；对象/向量/缓存业务fixture改真实后端；仅受控故障响应单独标识,待清单确认后实施；当前未改测试,test_non_sql_storage_supports_business_transaction_and_pending_selection; test_external_provider_preserves_business_identity_and_persistence; test_external_provider_preserves_guard_rollback_and_closed_transaction; test_external_provider_requires_matching_explicit_telemetry,逐例schema/prefix/collection隔离；当前失败不删；pytest collection与真实业务门禁必须执行，不用skip制造完成
E:/projects/codex/aether/AgentJYS-main/tests/runtime/temporal/process_worker.py,tests/runtime/temporal/process_worker.py,保留业务/故障/契约断言，metadata fixture改真实Azure PG；对象/向量/缓存业务fixture改真实后端；仅受控故障响应单独标识,待清单确认后实施；当前未改测试,,逐例schema/prefix/collection隔离；当前失败不删；pytest collection与真实业务门禁必须执行，不用skip制造完成
E:/projects/codex/aether/AgentJYS-main/tests/runtime/temporal/test_ingress.py,tests/runtime/temporal/test_ingress.py,保留业务/故障/契约断言，metadata fixture改真实Azure PG；对象/向量/缓存业务fixture改真实后端；仅受控故障响应单独标识,待清单确认后实施；当前未改测试,test_upload_crash_before_admission_is_not_accepted; test_reupload_different_bytes_conflicts; test_all_frontend_write_kinds_have_explicit_stages; test_document_command_publishes_verified_original_bytes; test_correction_command_commits_one_new_version; test_saved_receipt_waits_for_business_commit; test_p2_lost_ack_queries_original_body_without_rewrite,逐例schema/prefix/collection隔离；当前失败不删；pytest collection与真实业务门禁必须执行，不用skip制造完成
E:/projects/codex/aether/AgentJYS-main/tests/runtime/temporal/test_ledger.py,tests/runtime/temporal/test_ledger.py,保留业务/故障/契约断言，metadata fixture改真实Azure PG；对象/向量/缓存业务fixture改真实后端；仅受控故障响应单独标识,待清单确认后实施；当前未改测试,test_admission_and_start_intent_commit_together; test_stale_epoch_cannot_commit; test_terminal_idempotency_survives_history_removal; test_wrong_workflow_cannot_take_ownership; test_unknown_step_cannot_claim_success,逐例schema/prefix/collection隔离；当前失败不删；pytest collection与真实业务门禁必须执行，不用skip制造完成
E:/projects/codex/aether/AgentJYS-main/tests/runtime/temporal/test_periodic_workflow.py,tests/runtime/temporal/test_periodic_workflow.py,保留业务/故障/契约断言，metadata fixture改真实Azure PG；对象/向量/缓存业务fixture改真实后端；仅受控故障响应单独标识,待清单确认后实施；当前未改测试,test_partial_periodic_batch_resumes_without_skipping; test_continue_as_new_preserves_pending_controls; test_terminated_workflow_does_not_hide_unknown_effect; test_p3_periodic_routes_keep_due_items_and_exclude_external_repair; test_cache_sampling_skips_early_ticks_without_delaying_due_checks; test_cache_sampler_reuses_persisted_observations_on_fresh_host; test_completed_business_with_terminated_run_is_visible; test_periodic_start_retains_chain_and_refuses_closed_restart,逐例schema/prefix/collection隔离；当前失败不删；pytest collection与真实业务门禁必须执行，不用skip制造完成
E:/projects/codex/aether/AgentJYS-main/tests/runtime/temporal/test_pg_remote_workflow.py,tests/runtime/temporal/test_pg_remote_workflow.py,保留业务/故障/契约断言，metadata fixture改真实Azure PG；对象/向量/缓存业务fixture改真实后端；仅受控故障响应单独标识,待清单确认后实施；当前未改测试,test_pg_admission_other_worker_and_restart_correction; test_pg_periodic_hydrates_without_committing_probe_effects,逐例schema/prefix/collection隔离；当前失败不删；pytest collection与真实业务门禁必须执行，不用skip制造完成
E:/projects/codex/aether/AgentJYS-main/tests/runtime/temporal/test_recall_workflow.py,tests/runtime/temporal/test_recall_workflow.py,保留业务/故障/契约断言，metadata fixture改真实Azure PG；对象/向量/缓存业务fixture改真实后端；仅受控故障响应单独标识,待清单确认后实施；当前未改测试,test_pending_index_is_rediscovered_before_candidates_are_frozen; test_recall_survives_caller_disconnect; test_recall_resumes_before_original_deadline; test_revoked_completed_pack_is_not_returned; test_candidate_ack_loss_reuses_snapshot_and_rechecks_deleted_result; test_plan_changed_before_commit_is_not_published; test_completed_task_cannot_be_redirected_to_another_pack,逐例schema/prefix/collection隔离；当前失败不删；pytest collection与真实业务门禁必须执行，不用skip制造完成
E:/projects/codex/aether/AgentJYS-main/tests/runtime/temporal/test_remember_workflows.py,tests/runtime/temporal/test_remember_workflows.py,保留业务/故障/契约断言，metadata fixture改真实Azure PG；对象/向量/缓存业务fixture改真实后端；仅受控故障响应单独标识,待清单确认后实施；当前未改测试,test_all_remember_kinds_have_stage_routes; test_checkpoint_reuse_after_activity_ack_loss; test_model_output_without_checkpoint_consumes_remaining_budget; test_changed_model_space_before_first_delivery_rejects_job; test_background_workflow_commits_domain_result; test_projection_lost_ack_queries_original_target; test_changed_policy_cannot_reuse_committed_chunk; test_cleanup_of_absent_target_still_installs_tombstone,逐例schema/prefix/collection隔离；当前失败不删；pytest collection与真实业务门禁必须执行，不用skip制造完成
E:/projects/codex/aether/AgentJYS-main/tests/runtime/temporal/test_remote_bodies.py,tests/runtime/temporal/test_remote_bodies.py,保留业务/故障/契约断言，metadata fixture改真实Azure PG；对象/向量/缓存业务fixture改真实后端；仅受控故障响应单独标识,待清单确认后实施；当前未改测试,test_remote_body_binding_does_not_depend_on_worker_local_directory; test_remote_body_hash_and_existence_are_checked_even_with_local_spool; test_pg_remote_body_reopens_without_spool_and_reads_outside_transaction; test_async_hydration_does_not_replay_external_effects; test_pg_authority_never_writes_local_replica_even_on_reconciliation; test_guard_checks_metadata_without_fetching_body_after_restart,逐例schema/prefix/collection隔离；当前失败不删；pytest collection与真实业务门禁必须执行，不用skip制造完成
E:/projects/codex/aether/AgentJYS-main/tests/runtime/temporal/test_remote_input_store.py,tests/runtime/temporal/test_remote_input_store.py,保留业务/故障/契约断言，metadata fixture改真实Azure PG；对象/向量/缓存业务fixture改真实后端；仅受控故障响应单独标识,待清单确认后实施；当前未改测试,test_remote_input_is_readable_from_a_different_worker_without_local_payload; test_remote_input_metadata_is_not_committed_before_verified_bytes; test_remote_input_changed_bytes_are_rejected_and_original_remains; test_remote_input_corruption_is_reported_instead_of_using_local_fallback; test_new_object_record_requires_binding_even_when_a_legacy_reader_is_present,逐例schema/prefix/collection隔离；当前失败不删；pytest collection与真实业务门禁必须执行，不用skip制造完成
E:/projects/codex/aether/AgentJYS-main/tests/runtime/temporal/test_temporal_demos.py,tests/runtime/temporal/test_temporal_demos.py,保留业务/故障/契约断言，metadata fixture改真实Azure PG；对象/向量/缓存业务fixture改真实后端；仅受控故障响应单独标识,待清单确认后实施；当前未改测试,test_complete_flow_demo_uses_unified_temporal_service; test_foundation_demo_explicit_profile_uses_temporal; test_summary_demo_runs_through_temporal_commands; test_demo_rejects_existing_run_without_replacing_job_evidence; test_public_demo_requires_complete_service_configuration; test_configured_demo_checks_directory_ownership_before_opening_data; test_demo_timeout_keeps_admitted_job_for_original_operation,逐例schema/prefix/collection隔离；当前失败不删；pytest collection与真实业务门禁必须执行，不用skip制造完成
E:/projects/codex/aether/AgentJYS-main/tests/runtime/temporal/test_temporal_migration.py,tests/runtime/temporal/test_temporal_migration.py,旧数据迁移/只读检查场景保留；原数据创建限定测试路径,待清单确认后实施；当前未改测试,test_migration_dry_run_is_read_only; test_stale_report_is_rejected; test_unknown_old_task_enters_reconcile; test_repeat_apply_is_idempotent_and_keeps_original_id; test_rf_compatibility_entry_refuses_temporal_store; test_migration_requires_stopped_old_service; test_readonly_inspector_rejects_unregistered_kind; test_service_refuses_unmigrated_database_before_composition; test_unconfigured_http_cannot_start_rf_worker; test_engineering_sample_requires_explicit_profile; test_temporal_store_rejects_unbound_compatibility_admission; test_apply_failure_rolls_back_marker_and_every_intent; test_config_change_and_directory_owner_block_apply; test_old_remember_task_without_original_model_binding_is_blocked; test_unknown_legacy_phase_cannot_invent_new_execution; test_old_event_keeps_pair_id_and_inbox_effect_once; test_invalid_legacy_event_blocks_backend_switch,逐例schema/prefix/collection隔离；当前失败不删；pytest collection与真实业务门禁必须执行，不用skip制造完成
E:/projects/codex/aether/AgentJYS-main/tests/unit/recall/test_admission.py,tests/unit/recall/test_admission.py,保留业务/故障/契约断言，metadata fixture改真实Azure PG；对象/向量/缓存业务fixture改真实后端；仅受控故障响应单独标识,待清单确认后实施；当前未改测试,test_scope_union_and_initial_records; test_clients_cannot_select_mode; test_rejection_creates_no_execution; test_replay_survives_restart_and_policy_changes_but_not_revocation; test_concurrent_callers_reserve_once_and_busy_does_not_block_attachment; test_types_and_missing_model_space_do_not_silently_reduce_sources,逐例schema/prefix/collection隔离；当前失败不删；pytest collection与真实业务门禁必须执行，不用skip制造完成
E:/projects/codex/aether/AgentJYS-main/tests/unit/recall/test_boundaries.py,tests/unit/recall/test_boundaries.py,保留业务/故障/契约断言，metadata fixture改真实Azure PG；对象/向量/缓存业务fixture改真实后端；仅受控故障响应单独标识,待清单确认后实施；当前未改测试,test_authority_time_is_part_of_original_budget; test_authority_adapter_exception_has_stable_error; test_separate_workers_share_one_durable_inference; test_late_backend_cannot_publish_success; test_invalid_resolved_input_rejected_before_compute; test_query_adapter_reauthorizes_and_cached_checkpoint_detects_corruption,逐例schema/prefix/collection隔离；当前失败不删；pytest collection与真实业务门禁必须执行，不用skip制造完成
E:/projects/codex/aether/AgentJYS-main/tests/unit/recall/test_embedding.py,tests/unit/recall/test_embedding.py,保留业务/故障/契约断言，metadata fixture改真实Azure PG；对象/向量/缓存业务fixture改真实后端；仅受控故障响应单独标识,待清单确认后实施；当前未改测试,test_query_passage_are_pure_and_distinct_with_completed_cache; test_cancellation_does_not_cancel_shared_inference; test_completed_result_reopens_and_reauthorizes; test_invalid_vectors_never_produce_result; test_wrong_binding_and_same_caller_changed_input_are_rejected; test_passage_cannot_take_query_capacity; test_failed_execution_replay_does_not_reset_attempts; test_corrupt_cached_vector_is_not_reused_for_another_call,逐例schema/prefix/collection隔离；当前失败不删；pytest collection与真实业务门禁必须执行，不用skip制造完成
E:/projects/codex/aether/AgentJYS-main/tests/unit/recall/test_provider.py,tests/unit/recall/test_provider.py,保留业务/故障/契约断言，metadata fixture改真实Azure PG；对象/向量/缓存业务fixture改真实后端；仅受控故障响应单独标识,待清单确认后实施；当前未改测试,test_simulator_lost_ack_query_visibility_and_delete_barrier; test_provider_result_cannot_map_ack_to_ready; test_sidecar_adapter_binds_actual_response_and_preserves_input; test_python_metadata_retains_proto_optional_presence; test_raw_object_read_preserves_metadata_and_legacy_bytes,逐例schema/prefix/collection隔离；当前失败不删；pytest collection与真实业务门禁必须执行，不用skip制造完成
E:/projects/codex/aether/AgentJYS-main/tests/unit/recall/test_query.py,tests/unit/recall/test_query.py,保留业务/故障/契约断言，metadata fixture改真实Azure PG；对象/向量/缓存业务fixture改真实后端；仅受控故障响应单独标识,待清单确认后实施；当前未改测试,test_each_source_prepares_vector_search_without_context_claim; test_replay_rejects_legacy_prepared_query_with_unauthorized_types,逐例schema/prefix/collection隔离；当前失败不删；pytest collection与真实业务门禁必须执行，不用skip制造完成
