absolute_target,path,action,relation,main_changed,source,home_sha256,active_sha256
E:/projects/codex/aether/AgentJYS-main/.github/workflows/ci.yml,.github/workflows/ci.yml,参考当前实现做限定合并/清理调整；按限定修改表，不整文件覆盖,different_content_review,False,当前运行版本只读来源；不删除或移动该工作树,f43b6b61631fe74e6e1e1c07f688c14d4cf6f95b0592d1b834cca7223354a201,8d69faef566ac6effedbd80acb3b50940ad95f670bcb95a5c073dfd0f06ecf48
E:/projects/codex/aether/AgentJYS-main/.github/workflows/p3-flows.yml,.github/workflows/p3-flows.yml,参考当前实现做限定合并/清理调整；按限定修改表，不整文件覆盖,different_content_review,False,当前运行版本只读来源；不删除或移动该工作树,8dfd7f3a575d3c7e0475ccff8edbe10bcfa04f211d52ca48a16f3092b25a5812,45d2d521e421aaf493cda796a28180433d982f46abb5515b4ec2f8199d8e252a
E:/projects/codex/aether/AgentJYS-main/.github/workflows/p3-temporal.yml,.github/workflows/p3-temporal.yml,参考当前实现做限定合并/清理调整；按限定修改表，不整文件覆盖,different_content_review,False,当前运行版本只读来源；不删除或移动该工作树,d29029d2e4091b144a35ba1122ea11b4dcfbddd7f1dafe444faa5ab914d4b0c6,6934c66ed45ac660bdbba9e40a27586ab3ce0e97b80bd217b781a728137ef6eb
E:/projects/codex/aether/AgentJYS-main/Dockerfile.p3,Dockerfile.p3,纳入当前运行/Azure必需差异；实施前hash复核与限定同步,different_content_review,False,当前运行版本只读来源；不删除或移动该工作树,caa911e2e4bf8d4a16cc6f15e6a8c8096500368475ca9a8c549a69f958afd6f7,517442de1ef7653054ff801ed76cdd3044d68ffdd38b547ed5a1201bde6e088e
E:/projects/codex/aether/AgentJYS-main/README.md,README.md,参考当前实现做限定合并/清理调整；按限定修改表，不整文件覆盖,different_content_review,False,当前运行版本只读来源；不删除或移动该工作树,268abbe13424ba1e9720371c82b5b88019f43452472cf2311f29b8d07c48a42c,d76c8ae1f643483a14efbf22b353f650da5b4a29fac1ac1cbb4c27c0e15f31fb
E:/projects/codex/aether/AgentJYS-main/compose.b1-openvino.yaml,compose.b1-openvino.yaml,废弃项不从参考来源导入；目标现有文件按删除清单处理,active_only_preserve,False,当前运行版本只读来源；不删除或移动该工作树,,6ab2f63e719f7cd707209566bd39b6d54f0462bd265d0ce94d42341f91231198
E:/projects/codex/aether/AgentJYS-main/compose.p3.yaml,compose.p3.yaml,参考当前实现做限定合并/清理调整；按限定修改表，不整文件覆盖,different_content_review,False,当前运行版本只读来源；不删除或移动该工作树,142f7b511d75e2705fd3a22cb8ea7a71f8a350845469fccab694b551b1133ddc,c7beb15b8067a7858ab6baa258e115507f0bcfa5cfc807561f123f9e5c4f0631
E:/projects/codex/aether/AgentJYS-main/compose.p4-demo.yaml,compose.p4-demo.yaml,纳入当前运行/Azure必需差异；实施前hash复核与限定同步,active_only_preserve,False,当前运行版本只读来源；不删除或移动该工作树,,32584de7355b840eab42d5d3a842de97bff5e02978fd8a4cf5cd8802d330464b
E:/projects/codex/aether/AgentJYS-main/compose.production.yaml,compose.production.yaml,参考当前实现做限定合并/清理调整；按限定修改表，不整文件覆盖,different_content_review,False,当前运行版本只读来源；不删除或移动该工作树,55b1a3095407bd64a2101927f71cee57e7dbc4ce6aab5621007b9040d409a03d,065e6a6f11982d79d66ee0869a5725e57483ab418ba9f50cabd741dfe3a086a4
E:/projects/codex/aether/AgentJYS-main/configs/embedding.azure.example.json,configs/embedding.azure.example.json,纳入当前运行/Azure必需差异；实施前hash复核与限定同步,active_only_preserve,False,当前运行版本只读来源；不删除或移动该工作树,,400af0158c2747a0e8a6db498f7182dc7c15af294b4aa4bd5b1594820d3ec11f
E:/projects/codex/aether/AgentJYS-main/configs/p3.azure.example.yaml,configs/p3.azure.example.yaml,纳入当前运行/Azure必需差异；实施前hash复核与限定同步,active_only_preserve,False,当前运行版本只读来源；不删除或移动该工作树,,f69e7a49c8f78d36efb371678265152bd712f9c468781e9189d1316575c3ad9c
E:/projects/codex/aether/AgentJYS-main/configs/p3.development.example.yaml,configs/p3.development.example.yaml,纳入当前运行/Azure必需差异；实施前hash复核与限定同步,active_only_preserve,False,当前运行版本只读来源；不删除或移动该工作树,,426aa7e5303993a8bb0478543f8f8d064454ba9dc43d8b95939350e5f3e27b69
E:/projects/codex/aether/AgentJYS-main/configs/p3.postgres.example.yaml,configs/p3.postgres.example.yaml,纳入当前运行/Azure必需差异；实施前hash复核与限定同步,different_content_review,False,当前运行版本只读来源；不删除或移动该工作树,741a134bbf84af866f80617202f6ccc8fca5466b6fb830d2eb120b579d333ca4,70d1e9396386f0f42c9d74dcd1519c80b397e7fe58d8fd5b180d50dffb5a2deb
E:/projects/codex/aether/AgentJYS-main/configs/p3.production.example.yaml,configs/p3.production.example.yaml,纳入当前运行/Azure必需差异；实施前hash复核与限定同步,different_content_review,False,当前运行版本只读来源；不删除或移动该工作树,a929940317d67739688aa52c46981c86f8d14b95b33f0c6c0d0dd6309ce7180e,3b2be63b785588af09391cf09a6e2c68bb663de272c0600df3861c7a1f167c0f
E:/projects/codex/aether/AgentJYS-main/configs/p3.staging.example.yaml,configs/p3.staging.example.yaml,纳入当前运行/Azure必需差异；实施前hash复核与限定同步,active_only_preserve,False,当前运行版本只读来源；不删除或移动该工作树,,e084ec0d42ccc845a13ae9af7c0eef12f611f8eb144044dfe1f8f26c34c0bf8e
E:/projects/codex/aether/AgentJYS-main/configs/p3.temporal.example.yaml,configs/p3.temporal.example.yaml,纳入当前运行/Azure必需差异；实施前hash复核与限定同步,different_content_review,False,当前运行版本只读来源；不删除或移动该工作树,7eb8a796d67ef171e6bdff45efdc0b56c6d9cb792ac585b86dd6764eb0e1545b,426aa7e5303993a8bb0478543f8f8d064454ba9dc43d8b95939350e5f3e27b69
E:/projects/codex/aether/AgentJYS-main/configs/p3.test.example.yaml,configs/p3.test.example.yaml,纳入当前运行/Azure必需差异；实施前hash复核与限定同步,active_only_preserve,False,当前运行版本只读来源；不删除或移动该工作树,,85fa8587ee09ae369bd1d8d5f8ad42ef0f2106a5eac795377ae4a2ee57942c05
E:/projects/codex/aether/AgentJYS-main/configs/recall.azure.json,configs/recall.azure.json,纳入当前运行/Azure必需差异；实施前hash复核与限定同步,active_only_preserve,False,当前运行版本只读来源；不删除或移动该工作树,,53e2ac57577c0fce8f34f210b9667d82efec0395f1344faa231f2e72cc7763db
E:/projects/codex/aether/AgentJYS-main/configs/recall.milvus.json,configs/recall.milvus.json,纳入当前运行/Azure必需差异；实施前hash复核与限定同步,different_content_review,False,当前运行版本只读来源；不删除或移动该工作树,8aa1460969d423cdcb62e8d7e61c019cae4f650bc29cfb3490a627c688a6fe14,1d35f328bb29518cb2da2ad7472eb96ac90dbf66f6015e0763de53ad3c52d803
E:/projects/codex/aether/AgentJYS-main/configs/recall.p2.json,configs/recall.p2.json,纳入当前运行/Azure必需差异；实施前hash复核与限定同步,active_only_preserve,False,当前运行版本只读来源；不删除或移动该工作树,,5786721a20ddd013455487a3326e2fc5a1fee3741110798f27b82853ad5c3f05
E:/projects/codex/aether/AgentJYS-main/deploy/azure/initialize-temporal.sh,deploy/azure/initialize-temporal.sh,纳入当前运行/Azure必需差异；实施前hash复核与限定同步,active_only_preserve,False,当前运行版本只读来源；不删除或移动该工作树,,566faba16ee1581dbbdadbf8d7fd3bb5d6e454f79b419ec2f95a637ba305ce4c
E:/projects/codex/aether/AgentJYS-main/deploy/azure/temporal-schema-job.yaml,deploy/azure/temporal-schema-job.yaml,纳入当前运行/Azure必需差异；实施前hash复核与限定同步,active_only_preserve,False,当前运行版本只读来源；不删除或移动该工作树,,9a1c6d3d0dc302f4f087251c1f243467b1c4471df811f17ce3a2fd596fb3a93b
E:/projects/codex/aether/AgentJYS-main/deploy/azure/temporal.yaml,deploy/azure/temporal.yaml,纳入当前运行/Azure必需差异；实施前hash复核与限定同步,active_only_preserve,False,当前运行版本只读来源；不删除或移动该工作树,,0d4edc736f2025b6e5cf0a072748741d085d378593fe4c4c9d2ebfb5478f3b16
E:/projects/codex/aether/AgentJYS-main/deploy/vm/Caddyfile,deploy/vm/Caddyfile,纳入当前运行/Azure必需差异；实施前hash复核与限定同步,active_only_preserve,False,当前运行版本只读来源；不删除或移动该工作树,,5e7f2bd8510cfb0e5e2d52312539bad00a8ba2295c1cd67ad1e6105027cc789c
E:/projects/codex/aether/AgentJYS-main/deploy/vm/Dockerfile.temporal,deploy/vm/Dockerfile.temporal,纳入当前运行/Azure必需差异；实施前hash复核与限定同步,active_only_preserve,False,当前运行版本只读来源；不删除或移动该工作树,,8d55e34dd17eda4dc4a6558a8f706b01e0b6ed16d7d677cf9731f85c2dd2c284
E:/projects/codex/aether/AgentJYS-main/deploy/vm/activate-release.sh,deploy/vm/activate-release.sh,纳入当前运行/Azure必需差异；实施前hash复核与限定同步,active_only_preserve,False,当前运行版本只读来源；不删除或移动该工作树,,3208d85138cc380e5483497950940313134aa22855036f262ad4063b6ada7cb0
E:/projects/codex/aether/AgentJYS-main/deploy/vm/compose.yaml,deploy/vm/compose.yaml,纳入当前运行/Azure必需差异；实施前hash复核与限定同步,active_only_preserve,False,当前运行版本只读来源；不删除或移动该工作树,,9475e69bcd6ca3569454a3cb917a6d31e30a6d8a4df57fef13af1d27708a9bc3
E:/projects/codex/aether/AgentJYS-main/deploy/vm/install-release.sh,deploy/vm/install-release.sh,纳入当前运行/Azure必需差异；实施前hash复核与限定同步,active_only_preserve,False,当前运行版本只读来源；不删除或移动该工作树,,864ef572ce02025d6669521fe535dd701e5e0330b50370ffc73779fe73b69c0b
E:/projects/codex/aether/AgentJYS-main/docs/ENGINEERING_DELIVERY.md,docs/ENGINEERING_DELIVERY.md,不整文件同步历史文档；只保留原件并修当前入口必要链接,different_content_review,False,当前运行版本只读来源；不删除或移动该工作树,d06499476caa90c9d056f882dbabee9abd1cad803106d399bdded20eaf4d3ab2,85d891a2da941e9606555066d153e4bf3c3e33062e8640f7965c98ef64c653a1
E:/projects/codex/aether/AgentJYS-main/docs/p3/development/05_三个流程基础实现与联调.md,docs/p3/development/05_三个流程基础实现与联调.md,不整文件同步历史文档；只保留原件并修当前入口必要链接,different_content_review,False,当前运行版本只读来源；不删除或移动该工作树,a8d91277b27c99e277524029ed64d75f74ff9badd84c2232f9a66accf6debed2,68a2af31db20dadb07ea8ee2f2ed0c082d61c20c9cf91a6cb60c6c223a75e0b4
E:/projects/codex/aether/AgentJYS-main/docs/p3/development/07_真实Embedding接入与旧实现清理.md,docs/p3/development/07_真实Embedding接入与旧实现清理.md,不整文件同步历史文档；只保留原件并修当前入口必要链接,different_content_review,False,当前运行版本只读来源；不删除或移动该工作树,2b38e21a49b82e044e9a08a860df43f2627736e216ed7974a3eb69d244c03d12,37a6630f14019546c93467632ab0cb85ef7210b275df3413481e67b50828e24a
E:/projects/codex/aether/AgentJYS-main/scripts/p3/demo_flows.py,scripts/p3/demo_flows.py,纳入当前运行/Azure必需差异；实施前hash复核与限定同步,different_content_review,False,当前运行版本只读来源；不删除或移动该工作树,6a790fcc96edb5de8580b46e9eab76ea49156222c1562525c6c9f11828c221b6,1f5ed0533efeb47a5088975355121f34e8dd2f6f1cbd9df1cce463a484e253f8
E:/projects/codex/aether/AgentJYS-main/scripts/p3/demo_remember_summary.py,scripts/p3/demo_remember_summary.py,纳入当前运行/Azure必需差异；实施前hash复核与限定同步,different_content_review,False,当前运行版本只读来源；不删除或移动该工作树,7303e4a65a50aab6b4dfbe109f641ef4cbfdad84b36fbdf00b67931ffdafd43f,f10ea57e0a63a43d2aade07019e56ec6a9dd9979d1c79bc9a7ce336280d3d9b7
E:/projects/codex/aether/AgentJYS-main/scripts/p3/demo_support.py,scripts/p3/demo_support.py,纳入当前运行/Azure必需差异；实施前hash复核与限定同步,active_only_preserve,False,当前运行版本只读来源；不删除或移动该工作树,,e4ea74930d2ab7a63c6a03b2bab7a8cb5c6568047ecafda346bf56906c3f6f0a
E:/projects/codex/aether/AgentJYS-main/scripts/p3/validate_demo_interfaces.py,scripts/p3/validate_demo_interfaces.py,纳入当前运行/Azure必需差异；实施前hash复核与限定同步,different_content_review,False,当前运行版本只读来源；不删除或移动该工作树,12eb509b2d0de9d4c90ede8f338c84bacda5e7b35990589f7fb1ded14a89bd31,9d97f915044a398aac444dd5bab7b72fdb79d45295104bc9ec97b3a559a1d5ac
E:/projects/codex/aether/AgentJYS-main/scripts/p3/validate_flows.py,scripts/p3/validate_flows.py,纳入当前运行/Azure必需差异；实施前hash复核与限定同步,different_content_review,False,当前运行版本只读来源；不删除或移动该工作树,9545b784ab9e98ad64090f7357be42200205eed6381aa889552d11c7bdf88417,cd77b2db10679b6bb7a84daeb4f978909ec60bfebf420203655f4f582481644c
E:/projects/codex/aether/AgentJYS-main/scripts/p3/validate_native_flows.py,scripts/p3/validate_native_flows.py,纳入当前运行/Azure必需差异；实施前hash复核与限定同步,different_content_review,False,当前运行版本只读来源；不删除或移动该工作树,bc546fc2e332bec74718dd8478882465d77b713bab7338ca1ae560959cd1004d,8054be250d91d58ac8cf750ae149ff68a8a5767e578b91968ac84c7afa18525f
E:/projects/codex/aether/AgentJYS-main/scripts/p3/validate_recall.py,scripts/p3/validate_recall.py,纳入当前运行/Azure必需差异；实施前hash复核与限定同步,different_content_review,False,当前运行版本只读来源；不删除或移动该工作树,5d63b8c69f62df5e343355115a6f5a1e463c58655bb5727413cd8c34542af653,9c670ef42e46f24c3d459fd2b2cc2cc71ecf5c461ea3ef4bbd454ccf114daab1
E:/projects/codex/aether/AgentJYS-main/src/aether_agent_memory/config/app_settings.py,src/aether_agent_memory/config/app_settings.py,废弃项不从参考来源导入；目标现有文件按删除清单处理,different_content_review,False,当前运行版本只读来源；不删除或移动该工作树,257c0ba9b3d278d7bcc5ff5f1cf63a54609f03e152d293a06ca9913fa12b63c5,4319245d1115a26a72aded288e1a4d50b4750493ac2ec36b556ca2027bc1fabd
E:/projects/codex/aether/AgentJYS-main/src/aether_agent_memory/operate/basic/body_cache.py,src/aether_agent_memory/operate/basic/body_cache.py,纳入当前运行/Azure必需差异；实施前hash复核与限定同步,different_content_review,False,当前运行版本只读来源；不删除或移动该工作树,570f44a9db439500322a974aad38c4abd2526f6c610ebb674d64fe74be057cc4,0d7f6b7ccf186dc5a272cb5447719762919d61f4a010373218456a994dad6e5b
E:/projects/codex/aether/AgentJYS-main/src/aether_agent_memory/operate/basic/cache_port.py,src/aether_agent_memory/operate/basic/cache_port.py,参考当前实现做限定合并/清理调整；按限定修改表，不整文件覆盖,active_only_preserve,False,当前运行版本只读来源；不删除或移动该工作树,,84e74d72d1f7045d85821744f78242cca0a91da3ef0c3a9c2b347524c7c65303
E:/projects/codex/aether/AgentJYS-main/src/aether_agent_memory/operate/basic/continuous.py,src/aether_agent_memory/operate/basic/continuous.py,参考当前实现做限定合并/清理调整；按限定修改表，不整文件覆盖,different_content_review,False,当前运行版本只读来源；不删除或移动该工作树,4b0ed18ede0daef2c5b57cc0d1a1745fb6dd265eea4160b7021499efa556807c,740a0414d8307563c6572f3699478c07c23aa738605c36aa49b87112047c0c22
E:/projects/codex/aether/AgentJYS-main/src/aether_agent_memory/operate/basic/executor.py,src/aether_agent_memory/operate/basic/executor.py,废弃项不从参考来源导入；目标现有文件按删除清单处理,different_content_review,False,当前运行版本只读来源；不删除或移动该工作树,b48e21842064b011f293d4702f3957603d4cea7a006605ae9ad25ea5576a9460,9d9198cbeb3d367242a0659b03a2555f4558424c6966b53921db113d23734992
E:/projects/codex/aether/AgentJYS-main/src/aether_agent_memory/operate/basic/maintenance.py,src/aether_agent_memory/operate/basic/maintenance.py,参考当前实现做限定合并/清理调整；按限定修改表，不整文件覆盖,different_content_review,False,当前运行版本只读来源；不删除或移动该工作树,f05f9581445e6c8629ec9d050ca3961affa22d4ecdf967777af8ef891e1799df,4bb63443ee7154590475053c28b58e85c8e364ab31aad768d1211a2b45ff9d27
E:/projects/codex/aether/AgentJYS-main/src/aether_agent_memory/operate/basic/service.py,src/aether_agent_memory/operate/basic/service.py,参考当前实现做限定合并/清理调整；按限定修改表，不整文件覆盖,different_content_review,False,当前运行版本只读来源；不删除或移动该工作树,b330920c8b15c145c4dc08273113be0c428a5cf70e8871d891a79b89833e87b4,4424cbbb061ebdd77d783c36aeb1658fda939639fd99080270dcd2aa6d438016
E:/projects/codex/aether/AgentJYS-main/src/aether_agent_memory/operate/basic/temporal_stages.py,src/aether_agent_memory/operate/basic/temporal_stages.py,纳入当前运行/Azure必需差异；实施前hash复核与限定同步,different_content_review,False,当前运行版本只读来源；不删除或移动该工作树,0f1d7c944a015d393181a7621712bc555bd80cdeaa7996d741afe182030d7da3,0ebb370d1c4741d89fc8fb055e38ea945a53973dde38291d67a2ee2917d89472
E:/projects/codex/aether/AgentJYS-main/src/aether_agent_memory/p2/client.py,src/aether_agent_memory/p2/client.py,纳入当前运行/Azure必需差异；实施前hash复核与限定同步,different_content_review,False,当前运行版本只读来源；不删除或移动该工作树,091f676e906ffa3089f17bbdb84510081572d326e3cd8381a2e3f14dd9b4b29b,a4e72c764469883aa65296c3326c5380a0a2f95122bba7102b63cd2582b6dfe1
E:/projects/codex/aether/AgentJYS-main/src/aether_agent_memory/p2/vectors.py,src/aether_agent_memory/p2/vectors.py,纳入当前运行/Azure必需差异；实施前hash复核与限定同步,active_only_preserve,False,当前运行版本只读来源；不删除或移动该工作树,,d4e7af5f53245e891e8c22bb99a8b76f44298c377b70acf2982cc48931a699cf
E:/projects/codex/aether/AgentJYS-main/src/aether_agent_memory/recall/basic/assembly.py,src/aether_agent_memory/recall/basic/assembly.py,参考当前实现做限定合并/清理调整；按限定修改表，不整文件覆盖,different_content_review,False,当前运行版本只读来源；不删除或移动该工作树,2f3bca818301255513e005cac5968634e858aaf71aed767d1c60d5ef69dc8d19,e30575ac06f3dc3c797e291944450ed0813de53746f0e4f5cff2744b23e2a8d8
E:/projects/codex/aether/AgentJYS-main/src/aether_agent_memory/recall/basic/candidates.py,src/aether_agent_memory/recall/basic/candidates.py,参考当前实现做限定合并/清理调整；按限定修改表，不整文件覆盖,different_content_review,False,当前运行版本只读来源；不删除或移动该工作树,7fe0423023a4bfd9c61d8e955259ba3c2df7c9168ccb0cc7fb91bdd54ff30029,0c670a69d7900690531d50b29adfdc09fdb0a9275396c12e1e8f46b96b392393
E:/projects/codex/aether/AgentJYS-main/src/aether_agent_memory/recall/basic/config.py,src/aether_agent_memory/recall/basic/config.py,纳入当前运行/Azure必需差异；实施前hash复核与限定同步,different_content_review,False,当前运行版本只读来源；不删除或移动该工作树,cc265f1870eff4cb95a7697f18ca528aca69c08710ccd28d3faeb611df0663f6,a147c4e83db3da64151f6958ac5ad214c7fd976c4ae9a2974119a7b0b306e5ab
E:/projects/codex/aether/AgentJYS-main/src/aether_agent_memory/recall/basic/generation_search.py,src/aether_agent_memory/recall/basic/generation_search.py,废弃项不从参考来源导入；目标现有文件按删除清单处理,different_content_review,False,当前运行版本只读来源；不删除或移动该工作树,f83e541aea90b0adc29493678b32878969ab706a6d09259a11361e082c972daa,8ae2c088c35e160282bf5c628310f6a3cc5a29eee17e1b715a3d905357fdf222
E:/projects/codex/aether/AgentJYS-main/src/aether_agent_memory/recall/basic/retrievers.py,src/aether_agent_memory/recall/basic/retrievers.py,参考当前实现做限定合并/清理调整；按限定修改表，不整文件覆盖,different_content_review,False,当前运行版本只读来源；不删除或移动该工作树,4369b08f7306d9102aef281186122550a12ce3c84a09114c1b08e85f8f148026,eab6bae3c47ea8ccfc6f033b4180daa50fa318bb621d0f1e7be8715ebcadfcea
E:/projects/codex/aether/AgentJYS-main/src/aether_agent_memory/recall/basic/service.py,src/aether_agent_memory/recall/basic/service.py,参考当前实现做限定合并/清理调整；按限定修改表，不整文件覆盖,different_content_review,False,当前运行版本只读来源；不删除或移动该工作树,883333aa4ad40f64c24937107a16315ad44b631af5d8f4363f6ce63638aa9b2b,774eee074678952f013fafe1f09ec3f2eb07ade1e8dc4c8e96f9a86adc5399c8
E:/projects/codex/aether/AgentJYS-main/src/aether_agent_memory/recall/basic/temporal_stages.py,src/aether_agent_memory/recall/basic/temporal_stages.py,纳入当前运行/Azure必需差异；实施前hash复核与限定同步,different_content_review,False,当前运行版本只读来源；不删除或移动该工作树,753da06ae3844da99f70bc390bb6da89f7a882bb096bfa3571a4ca496914c468,009ed684fa54e1f55770b69900601945c588e724ac83454ed93dd606ac36edb6
E:/projects/codex/aether/AgentJYS-main/src/aether_agent_memory/recall/embedding/p3.py,src/aether_agent_memory/recall/embedding/p3.py,参考当前实现做限定合并/清理调整；按限定修改表，不整文件覆盖,different_content_review,False,当前运行版本只读来源；不删除或移动该工作树,14e454c6a1ff2bc28d24d0d2f09a16a5cbc73fac31ddf47fecb2b2ff0153b70c,fc2a4b94e3f978a597d433e50c2645da21973004784f62fcdea185e2511b62f0
E:/projects/codex/aether/AgentJYS-main/src/aether_agent_memory/remember/basic/boundary.py,src/aether_agent_memory/remember/basic/boundary.py,参考当前实现做限定合并/清理调整；按限定修改表，不整文件覆盖,different_content_review,False,当前运行版本只读来源；不删除或移动该工作树,ace42de792c13154b63f24b837b52cf39a02d4edb2b6e60284824146f18741f3,84b76471e8342d334d3000139d46d8d16b26e716aed9fd7ccf12dfaee36f6b4f
E:/projects/codex/aether/AgentJYS-main/src/aether_agent_memory/remember/basic/ceph_p2.py,src/aether_agent_memory/remember/basic/ceph_p2.py,纳入当前运行/Azure必需差异；实施前hash复核与限定同步,different_content_review,False,当前运行版本只读来源；不删除或移动该工作树,196022ded2573b492bc4f9bfa5561902ed04f6987c60844736b17a09e3ccc02d,5444ba47dbda1f1c9b0d89958a539084298d9d47e6223a54322b10520f66cbb2
E:/projects/codex/aether/AgentJYS-main/src/aether_agent_memory/remember/basic/content.py,src/aether_agent_memory/remember/basic/content.py,纳入当前运行/Azure必需差异；实施前hash复核与限定同步,different_content_review,False,当前运行版本只读来源；不删除或移动该工作树,9e1367e7392a8a5da50e91f1bf7a456385e71d6d582d7f2d01141d815dfff7dd,76af9524fa61bc1122e26765e4520b4c0e74247e7034cdb3367c2ed042014b2e
E:/projects/codex/aether/AgentJYS-main/src/aether_agent_memory/remember/basic/eligibility.py,src/aether_agent_memory/remember/basic/eligibility.py,参考当前实现做限定合并/清理调整；按限定修改表，不整文件覆盖,different_content_review,False,当前运行版本只读来源；不删除或移动该工作树,244fbd7fec4e826cc1234c1fe389ab29c0cb31fc8ea15b32e59f6541488c9e14,a300af73ecde2b6bac67362755a22915ad880de3fc8982f00711d943f005f760
E:/projects/codex/aether/AgentJYS-main/src/aether_agent_memory/remember/basic/hydration.py,src/aether_agent_memory/remember/basic/hydration.py,纳入当前运行/Azure必需差异；实施前hash复核与限定同步,active_only_preserve,False,当前运行版本只读来源；不删除或移动该工作树,,7a07d1c54d0b17e024274aab6dab859c12e25a34fcc2d4a6d99e1bd9c27faee8
E:/projects/codex/aether/AgentJYS-main/src/aether_agent_memory/remember/basic/pipeline.py,src/aether_agent_memory/remember/basic/pipeline.py,参考当前实现做限定合并/清理调整；按限定修改表，不整文件覆盖,different_content_review,False,当前运行版本只读来源；不删除或移动该工作树,d54d2466436a1f0f7772bbe55a96ddd52bc86bcf8d3dbe83f7495b3091223956,91456ecfae5d4c4da8c90e98b22dad619686249755f9f2e0aabb60cbac35c547
E:/projects/codex/aether/AgentJYS-main/src/aether_agent_memory/remember/basic/projection.py,src/aether_agent_memory/remember/basic/projection.py,参考当前实现做限定合并/清理调整；按限定修改表，不整文件覆盖,different_content_review,False,当前运行版本只读来源；不删除或移动该工作树,4adf20a347fe48400f8ece822fe0845eb913fc1d2be99ef7a5c36a7eb3ea2232,eaf8bc4432aad420edfae17c33d64774caca64114d00c63627296fe5b855db9a
E:/projects/codex/aether/AgentJYS-main/src/aether_agent_memory/remember/basic/records.py,src/aether_agent_memory/remember/basic/records.py,参考当前实现做限定合并/清理调整；按限定修改表，不整文件覆盖,different_content_review,False,当前运行版本只读来源；不删除或移动该工作树,448033687390a7091d20edaa7f50bcf31a2aa5bca4759b6177d09ec126b140c9,53b193dabc3661352143fce7c6088c1a73716672e0d5f8b80edfea3861ec687f
E:/projects/codex/aether/AgentJYS-main/src/aether_agent_memory/remember/basic/reflection.py,src/aether_agent_memory/remember/basic/reflection.py,参考当前实现做限定合并/清理调整；按限定修改表，不整文件覆盖,different_content_review,False,当前运行版本只读来源；不删除或移动该工作树,b5986f6ca3e83e6c30ddcd76479b19c79117d9d1738cf59204733da9a627b279,6bf08f79cdb6bada0b36561dcb361155ff2228c27e1d0720dadda7b4fe69646d
E:/projects/codex/aether/AgentJYS-main/src/aether_agent_memory/remember/basic/retention.py,src/aether_agent_memory/remember/basic/retention.py,参考当前实现做限定合并/清理调整；按限定修改表，不整文件覆盖,different_content_review,False,当前运行版本只读来源；不删除或移动该工作树,655b00abbe39eadb70a9adf56d5ff201bac13a56d204073f104179dc40bef406,69faa50c130156c70a51e0ce9bcca7e0a016624253cf58cf5c07f412656d8734
E:/projects/codex/aether/AgentJYS-main/src/aether_agent_memory/remember/basic/revalidation.py,src/aether_agent_memory/remember/basic/revalidation.py,纳入当前运行/Azure必需差异；实施前hash复核与限定同步,different_content_review,False,当前运行版本只读来源；不删除或移动该工作树,d4dd784e8f5bd436ea77957c6a7a2bb945a58d88ce3a4aae75b7700ac2d11ad8,d188ef570fd8b44bfb5f48a76bcba15da4703887e7de5192b47b1dbbe72db181
E:/projects/codex/aether/AgentJYS-main/src/aether_agent_memory/remember/basic/service.py,src/aether_agent_memory/remember/basic/service.py,参考当前实现做限定合并/清理调整；按限定修改表，不整文件覆盖,different_content_review,False,当前运行版本只读来源；不删除或移动该工作树,ca2622ccf1ccb6df85d696445404476b2726c4187fbc43bcee38faa573116403,95e61ef911b2fc6a8a694c12b9d1a39546a48746d746b58ca900d828f37d3147
E:/projects/codex/aether/AgentJYS-main/src/aether_agent_memory/remember/basic/sources.py,src/aether_agent_memory/remember/basic/sources.py,纳入当前运行/Azure必需差异；实施前hash复核与限定同步,different_content_review,False,当前运行版本只读来源；不删除或移动该工作树,4a7b432cef91d6a6df306e48fc1754dd0050aee2e6f3808e7990807c0694060d,095877628c66ec503381ea7d1def52e866ef036bd176f9294192b0c73e0536e8
E:/projects/codex/aether/AgentJYS-main/src/aether_agent_memory/remember/basic/summaries.py,src/aether_agent_memory/remember/basic/summaries.py,纳入当前运行/Azure必需差异；实施前hash复核与限定同步,different_content_review,False,当前运行版本只读来源；不删除或移动该工作树,4a827493194b01431a674178ea80cea60eacca9caccb03750c4859700609d299,b76678d6445443a713096c487d5b93f6edf07920d9284ccb9952ada11a9606e3
E:/projects/codex/aether/AgentJYS-main/src/aether_agent_memory/remember/basic/temporal_background.py,src/aether_agent_memory/remember/basic/temporal_background.py,纳入当前运行/Azure必需差异；实施前hash复核与限定同步,different_content_review,False,当前运行版本只读来源；不删除或移动该工作树,74b2eb19eccbacaeae9ebfc777043a42cdcc7ca8fb30ad89ff322898c1710193,e28c5b76abceb2ebe4e8078c2720ea6a89a0777fa5c0756f0c3558d972aad991
E:/projects/codex/aether/AgentJYS-main/src/aether_agent_memory/remember/basic/temporal_stages.py,src/aether_agent_memory/remember/basic/temporal_stages.py,参考当前实现做限定合并/清理调整；按限定修改表，不整文件覆盖,different_content_review,False,当前运行版本只读来源；不删除或移动该工作树,b29a805bacda542d473da1f0deaf20315bfb6b3b688705474fbb41c57a763675,03d89ff660e9541603c34e28c124c7cea3f0ba506812152f06dbdf21481e978d
E:/projects/codex/aether/AgentJYS-main/src/aether_agent_memory/remember/http.py,src/aether_agent_memory/remember/http.py,纳入当前运行/Azure必需差异；实施前hash复核与限定同步,different_content_review,False,当前运行版本只读来源；不删除或移动该工作树,bb5d8da1dfdd28209e4f5674617df30bb1605795021fba655656b38680e22797,67f01c01fd34004f20df0c37dbe021617160fe5620042dc2e3727d12ac07dc8a
E:/projects/codex/aether/AgentJYS-main/src/aether_agent_memory/remember/local.py,src/aether_agent_memory/remember/local.py,参考当前实现做限定合并/清理调整；按限定修改表，不整文件覆盖,different_content_review,False,当前运行版本只读来源；不删除或移动该工作树,aa7d5ce081c8e749acc5d68bc26841780b46ff6379f93ff04dc852a43ca15fcf,3261949f614cce1aa695664997aeafdf69ceabf6d199c48a273bf5c6a430e145
E:/projects/codex/aether/AgentJYS-main/src/aether_agent_memory/runtime/contracts/client_admission.py,src/aether_agent_memory/runtime/contracts/client_admission.py,纳入当前运行/Azure必需差异；实施前hash复核与限定同步,active_only_preserve,False,当前运行版本只读来源；不删除或移动该工作树,,cd70c7d98f08a115af812c252260ae7b82aeddbbe9d9ba1f25ff4b05b155eb83
E:/projects/codex/aether/AgentJYS-main/src/aether_agent_memory/runtime/contracts/client_definitions.py,src/aether_agent_memory/runtime/contracts/client_definitions.py,纳入当前运行/Azure必需差异；实施前hash复核与限定同步,active_only_preserve,False,当前运行版本只读来源；不删除或移动该工作树,,8a66dddfe5850cbc75e7e29e536b937056ae5809328526848e4ac6beba778899
E:/projects/codex/aether/AgentJYS-main/src/aether_agent_memory/runtime/contracts/client_inputs.py,src/aether_agent_memory/runtime/contracts/client_inputs.py,纳入当前运行/Azure必需差异；实施前hash复核与限定同步,active_only_preserve,False,当前运行版本只读来源；不删除或移动该工作树,,0f1407691be55be5bf913b45b4dc97768bb5f8deff9afff9bc51df09b9d99eee
E:/projects/codex/aether/AgentJYS-main/src/aether_agent_memory/runtime/contracts/client_ownership.py,src/aether_agent_memory/runtime/contracts/client_ownership.py,纳入当前运行/Azure必需差异；实施前hash复核与限定同步,active_only_preserve,False,当前运行版本只读来源；不删除或移动该工作树,,516e1419eabeb16109ad0699a45c05297153129b648f7d805a7abb3073a9de5c
E:/projects/codex/aether/AgentJYS-main/src/aether_agent_memory/runtime/contracts/client_recoveries.py,src/aether_agent_memory/runtime/contracts/client_recoveries.py,纳入当前运行/Azure必需差异；实施前hash复核与限定同步,active_only_preserve,False,当前运行版本只读来源；不删除或移动该工作树,,06dc8fab27faea0ebb12c15cd2732208b2ee4d26ef4bf68399d1bce6467304ab
E:/projects/codex/aether/AgentJYS-main/src/aether_agent_memory/runtime/contracts/client_recovery_reads.py,src/aether_agent_memory/runtime/contracts/client_recovery_reads.py,纳入当前运行/Azure必需差异；实施前hash复核与限定同步,active_only_preserve,False,当前运行版本只读来源；不删除或移动该工作树,,ac9a9eb4be58582591e9b9d46eed8834d389b9c847221907f2835b47854e7e22
E:/projects/codex/aether/AgentJYS-main/src/aether_agent_memory/runtime/contracts/client_runs.py,src/aether_agent_memory/runtime/contracts/client_runs.py,纳入当前运行/Azure必需差异；实施前hash复核与限定同步,active_only_preserve,False,当前运行版本只读来源；不删除或移动该工作树,,2c02d4a5f65c73d1ee956f2c2fc09413d758d32de23e3e4676ba794eabf93256
E:/projects/codex/aether/AgentJYS-main/src/aether_agent_memory/runtime/contracts/client_state_binding.py,src/aether_agent_memory/runtime/contracts/client_state_binding.py,纳入当前运行/Azure必需差异；实施前hash复核与限定同步,active_only_preserve,False,当前运行版本只读来源；不删除或移动该工作树,,c4aa5e1ad2798e20b7bd93e2d7ab1cb902dadcff09515d3732cdff021ca87b1a
E:/projects/codex/aether/AgentJYS-main/src/aether_agent_memory/runtime/contracts/client_states.py,src/aether_agent_memory/runtime/contracts/client_states.py,纳入当前运行/Azure必需差异；实施前hash复核与限定同步,active_only_preserve,False,当前运行版本只读来源；不删除或移动该工作树,,dbacbc60cfd3aa18aa330bf6ff17bc1629c9aae4f6b3d95d090cbfa7650b76cd
E:/projects/codex/aether/AgentJYS-main/src/aether_agent_memory/runtime/contracts/client_transfers.py,src/aether_agent_memory/runtime/contracts/client_transfers.py,纳入当前运行/Azure必需差异；实施前hash复核与限定同步,active_only_preserve,False,当前运行版本只读来源；不删除或移动该工作树,,855ad59cbf1843ba88b60f17160ed305c0875450c42973d719eaea251693e1ac
E:/projects/codex/aether/AgentJYS-main/src/aether_agent_memory/runtime/contracts/http_evidence.py,src/aether_agent_memory/runtime/contracts/http_evidence.py,纳入当前运行/Azure必需差异；实施前hash复核与限定同步,active_only_preserve,False,当前运行版本只读来源；不删除或移动该工作树,,c094eac20d7ea8a883bbea90d458079aed2f584b2468171eaa4e125936d2b5f4
E:/projects/codex/aether/AgentJYS-main/src/aether_agent_memory/runtime/contracts/mutation_receipts.py,src/aether_agent_memory/runtime/contracts/mutation_receipts.py,纳入当前运行/Azure必需差异；实施前hash复核与限定同步,active_only_preserve,False,当前运行版本只读来源；不删除或移动该工作树,,e02e63801cf1162a48d32d5af8cf061a957dcc6ce814a24773268d5bc506f03e
E:/projects/codex/aether/AgentJYS-main/src/aether_agent_memory/runtime/contracts/operation_lookup.py,src/aether_agent_memory/runtime/contracts/operation_lookup.py,纳入当前运行/Azure必需差异；实施前hash复核与限定同步,active_only_preserve,False,当前运行版本只读来源；不删除或移动该工作树,,c70cf4c41c6cdf88405ddfb1a3baf995f75162ff9e73cb9ea0fe755e4db86692
E:/projects/codex/aether/AgentJYS-main/src/aether_agent_memory/runtime/flows/application.py,src/aether_agent_memory/runtime/flows/application.py,纳入当前运行/Azure必需差异；实施前hash复核与限定同步,different_content_review,False,当前运行版本只读来源；不删除或移动该工作树,bc3e8a55961d74cc1b63eef51521a3c7ac2b27f3a19b86ab6bf5852447503045,89b3cde85796a6324397cbb24d2ac0fd3eec09be77f21f3c4c9cfce9c5dd8506
E:/projects/codex/aether/AgentJYS-main/src/aether_agent_memory/runtime/flows/cli.py,src/aether_agent_memory/runtime/flows/cli.py,参考当前实现做限定合并/清理调整；按限定修改表，不整文件覆盖,different_content_review,False,当前运行版本只读来源；不删除或移动该工作树,2005055a1038f18aba0fe0d3dc6cd529bd597a43898b60f7775d528903df228f,f188eba6381cd5bf5eb60e8f6a4f519a667f91d2407956c9f222754c4b11b5e3
E:/projects/codex/aether/AgentJYS-main/src/aether_agent_memory/runtime/flows/client_definition_routes.py,src/aether_agent_memory/runtime/flows/client_definition_routes.py,纳入当前运行/Azure必需差异；实施前hash复核与限定同步,active_only_preserve,False,当前运行版本只读来源；不删除或移动该工作树,,b536b5b50e73c7bce7d7bf304f17552ea9fa66778c056113b35ccd01a00f564e
E:/projects/codex/aether/AgentJYS-main/src/aether_agent_memory/runtime/flows/client_initialization_routes.py,src/aether_agent_memory/runtime/flows/client_initialization_routes.py,纳入当前运行/Azure必需差异；实施前hash复核与限定同步,active_only_preserve,False,当前运行版本只读来源；不删除或移动该工作树,,181157db72facce4fd3e71052d27b7b9ff822b098d66b2e7806174a18cec2e3d
E:/projects/codex/aether/AgentJYS-main/src/aether_agent_memory/runtime/flows/client_input_routes.py,src/aether_agent_memory/runtime/flows/client_input_routes.py,纳入当前运行/Azure必需差异；实施前hash复核与限定同步,active_only_preserve,False,当前运行版本只读来源；不删除或移动该工作树,,4e33bbfff9ef30562d2244a009b48b45f9550b763e9b8dcca83bde48bac9eddd
E:/projects/codex/aether/AgentJYS-main/src/aether_agent_memory/runtime/flows/client_recovery_read_routes.py,src/aether_agent_memory/runtime/flows/client_recovery_read_routes.py,纳入当前运行/Azure必需差异；实施前hash复核与限定同步,active_only_preserve,False,当前运行版本只读来源；不删除或移动该工作树,,7395c5c340e6bff0464ec51164d23acc090023bd9279cd23bf28c8ca0ff0f314
E:/projects/codex/aether/AgentJYS-main/src/aether_agent_memory/runtime/flows/client_run_routes.py,src/aether_agent_memory/runtime/flows/client_run_routes.py,纳入当前运行/Azure必需差异；实施前hash复核与限定同步,active_only_preserve,False,当前运行版本只读来源；不删除或移动该工作树,,24dea6c70eb528298927f629f051f5a2d5cae42006b7dbc5f2393c237f5ce2c1
E:/projects/codex/aether/AgentJYS-main/src/aether_agent_memory/runtime/flows/client_state_routes.py,src/aether_agent_memory/runtime/flows/client_state_routes.py,纳入当前运行/Azure必需差异；实施前hash复核与限定同步,active_only_preserve,False,当前运行版本只读来源；不删除或移动该工作树,,43aaa3dba5d3a4a7964fe90153332d66d2c0c9047ea86ff6b311a65e0d6e10d5
E:/projects/codex/aether/AgentJYS-main/src/aether_agent_memory/runtime/flows/config.py,src/aether_agent_memory/runtime/flows/config.py,参考当前实现做限定合并/清理调整；按限定修改表，不整文件覆盖,different_content_review,False,当前运行版本只读来源；不删除或移动该工作树,7befceec1741336f4d45af6a82f8648448204d655f3cfeb2503e7e322ccbdb49,51bad3f1ac61b779f4b6f3e5f54b46f988fd9d6c95c7a55a0efefc7127bfc814
E:/projects/codex/aether/AgentJYS-main/src/aether_agent_memory/runtime/flows/health.py,src/aether_agent_memory/runtime/flows/health.py,参考当前实现做限定合并/清理调整；按限定修改表，不整文件覆盖,different_content_review,False,当前运行版本只读来源；不删除或移动该工作树,10223261fc254be8af71e96eb786a2b2dc2bb621f7c39d367a307bde796e10b4,277cb0a2bee37640152ba1ca69b497285ca7f93aa03c7f126f30fd8784ee2240
E:/projects/codex/aether/AgentJYS-main/src/aether_agent_memory/runtime/flows/host.py,src/aether_agent_memory/runtime/flows/host.py,参考当前实现做限定合并/清理调整；按限定修改表，不整文件覆盖,different_content_review,False,当前运行版本只读来源；不删除或移动该工作树,c242c5b8e59299798f1756b25df8c5017b08ffe3cbac4ea05143c263e588362b,51cd5fe7036207a4891fb97942703b55735179f7806a0f705724f308b8950755
E:/projects/codex/aether/AgentJYS-main/src/aether_agent_memory/runtime/flows/http.py,src/aether_agent_memory/runtime/flows/http.py,纳入当前运行/Azure必需差异；实施前hash复核与限定同步,different_content_review,False,当前运行版本只读来源；不删除或移动该工作树,23d997f2debfba33b9e8226e438bc848924e4fb573580bc611d4fadf9da764e7,c00d0ed007c07b6535e32b8e8d2e5674ea131a168bfc30c55524b89982534c6c
E:/projects/codex/aether/AgentJYS-main/src/aether_agent_memory/runtime/flows/http_evidence.py,src/aether_agent_memory/runtime/flows/http_evidence.py,纳入当前运行/Azure必需差异；实施前hash复核与限定同步,active_only_preserve,False,当前运行版本只读来源；不删除或移动该工作树,,2b9f811547286cfabbbe8536911412629b15556e1a93f763c44f9433da00acc7
E:/projects/codex/aether/AgentJYS-main/src/aether_agent_memory/runtime/flows/routes.py,src/aether_agent_memory/runtime/flows/routes.py,参考当前实现做限定合并/清理调整；按限定修改表，不整文件覆盖,different_content_review,False,当前运行版本只读来源；不删除或移动该工作树,d72c298aa70449db054572a4d71a8471932678cfd9fd319ea6bfce1070194ed6,a15ab67b4e3410ee450891eac11f0a5b5875d9d198674dece7afbce747120315
E:/projects/codex/aether/AgentJYS-main/src/aether_agent_memory/runtime/foundation/client_admission.py,src/aether_agent_memory/runtime/foundation/client_admission.py,纳入当前运行/Azure必需差异；实施前hash复核与限定同步,active_only_preserve,False,当前运行版本只读来源；不删除或移动该工作树,,427b067aab17db43c419d223fe15325c31d58ece34e303e018436a03e64ecabd
E:/projects/codex/aether/AgentJYS-main/src/aether_agent_memory/runtime/foundation/client_definitions.py,src/aether_agent_memory/runtime/foundation/client_definitions.py,纳入当前运行/Azure必需差异；实施前hash复核与限定同步,active_only_preserve,False,当前运行版本只读来源；不删除或移动该工作树,,6d7fdb2cf7e8ed084c5f9141b51bcfdcf0370fd106aa8f224a1f75ca75f47f7e
E:/projects/codex/aether/AgentJYS-main/src/aether_agent_memory/runtime/foundation/client_inputs.py,src/aether_agent_memory/runtime/foundation/client_inputs.py,纳入当前运行/Azure必需差异；实施前hash复核与限定同步,active_only_preserve,False,当前运行版本只读来源；不删除或移动该工作树,,fc374a81b777b9f172caef585ca2b78322039a8acb26ca04a882195983cf2acb
E:/projects/codex/aether/AgentJYS-main/src/aether_agent_memory/runtime/foundation/client_recoveries.py,src/aether_agent_memory/runtime/foundation/client_recoveries.py,纳入当前运行/Azure必需差异；实施前hash复核与限定同步,active_only_preserve,False,当前运行版本只读来源；不删除或移动该工作树,,5067cbf75df6db876a6e43157384c9541f83111a5c1c0a97df882fe33658b88b
E:/projects/codex/aether/AgentJYS-main/src/aether_agent_memory/runtime/foundation/client_recovery_initialization.py,src/aether_agent_memory/runtime/foundation/client_recovery_initialization.py,纳入当前运行/Azure必需差异；实施前hash复核与限定同步,active_only_preserve,False,当前运行版本只读来源；不删除或移动该工作树,,242e023346ed06e11a24cef4f48b958afbb2402709b9017965eb759a77557ac9
E:/projects/codex/aether/AgentJYS-main/src/aether_agent_memory/runtime/foundation/client_recovery_inputs.py,src/aether_agent_memory/runtime/foundation/client_recovery_inputs.py,纳入当前运行/Azure必需差异；实施前hash复核与限定同步,active_only_preserve,False,当前运行版本只读来源；不删除或移动该工作树,,c2413b4255cdad42dd8ae1833fd9ea66098c8b875a2a5452b4877eeb7aa7a4d9
E:/projects/codex/aether/AgentJYS-main/src/aether_agent_memory/runtime/foundation/client_recovery_reads.py,src/aether_agent_memory/runtime/foundation/client_recovery_reads.py,纳入当前运行/Azure必需差异；实施前hash复核与限定同步,active_only_preserve,False,当前运行版本只读来源；不删除或移动该工作树,,8c103a3e78620ab4fc4169d73d48ea76cca100534f8d1f55883e05cfbd5d4ed7
E:/projects/codex/aether/AgentJYS-main/src/aether_agent_memory/runtime/foundation/client_runs.py,src/aether_agent_memory/runtime/foundation/client_runs.py,纳入当前运行/Azure必需差异；实施前hash复核与限定同步,active_only_preserve,False,当前运行版本只读来源；不删除或移动该工作树,,ab84b52a80d747dcbac8c0d266376a01d5f695480d97141decc3f714854e7747
E:/projects/codex/aether/AgentJYS-main/src/aether_agent_memory/runtime/foundation/client_scopes.py,src/aether_agent_memory/runtime/foundation/client_scopes.py,纳入当前运行/Azure必需差异；实施前hash复核与限定同步,active_only_preserve,False,当前运行版本只读来源；不删除或移动该工作树,,1164b87c233b8639853aea69e95314deb110f5edcee2d627596ab3d852fd5327
E:/projects/codex/aether/AgentJYS-main/src/aether_agent_memory/runtime/foundation/client_states.py,src/aether_agent_memory/runtime/foundation/client_states.py,纳入当前运行/Azure必需差异；实施前hash复核与限定同步,active_only_preserve,False,当前运行版本只读来源；不删除或移动该工作树,,97d6d7e5268fc0bc241127819d97fa95f08a986f3e9933444baf46c79be4dd5b
E:/projects/codex/aether/AgentJYS-main/src/aether_agent_memory/runtime/foundation/client_transfers.py,src/aether_agent_memory/runtime/foundation/client_transfers.py,纳入当前运行/Azure必需差异；实施前hash复核与限定同步,active_only_preserve,False,当前运行版本只读来源；不删除或移动该工作树,,6a6a84804b2f051bd54dbac5ea323368a9a39ddd01d0506e2ef199868fcfcb4d
E:/projects/codex/aether/AgentJYS-main/src/aether_agent_memory/runtime/foundation/diagnostics.py,src/aether_agent_memory/runtime/foundation/diagnostics.py,参考当前实现做限定合并/清理调整；按限定修改表，不整文件覆盖,different_content_review,False,当前运行版本只读来源；不删除或移动该工作树,9a2c1b7228b52d04dedb5bacf3e9920e74853c8c614d250026cedeb0b5aa8d5b,46660c3e4a3d76823ef6241824e6eb3d910b5e2d35a68e8c53751dfc51dfe3b3
E:/projects/codex/aether/AgentJYS-main/src/aether_agent_memory/runtime/foundation/disposition.py,src/aether_agent_memory/runtime/foundation/disposition.py,参考当前实现做限定合并/清理调整；按限定修改表，不整文件覆盖,different_content_review,False,当前运行版本只读来源；不删除或移动该工作树,9bcc7b2a2e73cc9ee0cd0ed2627bab7fbbc9eb7aeaeded58967cbe225f66271a,6cf046ca2a8f86f1d90d36b8eab8ddd2ca98bb54554b6c9ee41594dab188d4a5
E:/projects/codex/aether/AgentJYS-main/src/aether_agent_memory/runtime/foundation/events.py,src/aether_agent_memory/runtime/foundation/events.py,参考当前实现做限定合并/清理调整；按限定修改表，不整文件覆盖,different_content_review,False,当前运行版本只读来源；不删除或移动该工作树,33ec93bd44d4a00b67c80a402278949b6531b4eb1f690b6e2d109ab7df81c206,3576a18ba791c9b63e266ec54fac1630e0c6db09e37f5559ee905537f8c4b638
E:/projects/codex/aether/AgentJYS-main/src/aether_agent_memory/runtime/foundation/host.py,src/aether_agent_memory/runtime/foundation/host.py,参考当前实现做限定合并/清理调整；按限定修改表，不整文件覆盖,different_content_review,False,当前运行版本只读来源；不删除或移动该工作树,c8cf9f03d5dbd61c8d617e02eba3f22b42bd44ef0b29078229be5f2a8f32f32f,3c45d7584aba637017097a3a6109d54df911c51ce2ffadb1931cc64f1f2d8a63
E:/projects/codex/aether/AgentJYS-main/src/aether_agent_memory/runtime/foundation/identity.py,src/aether_agent_memory/runtime/foundation/identity.py,参考当前实现做限定合并/清理调整；按限定修改表，不整文件覆盖,different_content_review,False,当前运行版本只读来源；不删除或移动该工作树,9e10dbae00275372dbc3ecdb49c41d21b4e77d85ca6ce58b4d434c1e73f28127,39687dae610c390b003dbae68a4f1bc65b233cd5c2653e511a12ad1acae880e6
E:/projects/codex/aether/AgentJYS-main/src/aether_agent_memory/runtime/foundation/lifecycle.py,src/aether_agent_memory/runtime/foundation/lifecycle.py,参考当前实现做限定合并/清理调整；按限定修改表，不整文件覆盖,different_content_review,False,当前运行版本只读来源；不删除或移动该工作树,7368b350558a9b2d68c494cb48b29d5d3980a38921d0b1af4f44e65f59336dfb,d0b2b4783352bb82ec4f6f962cd261e6fb5f70b1bcc71519ac364843fbd476fb
E:/projects/codex/aether/AgentJYS-main/src/aether_agent_memory/runtime/foundation/monitoring.py,src/aether_agent_memory/runtime/foundation/monitoring.py,参考当前实现做限定合并/清理调整；按限定修改表，不整文件覆盖,different_content_review,False,当前运行版本只读来源；不删除或移动该工作树,d9a4435010276f78abc3ea2382f24168ceb20dbc8870eebd34ddea1cf52647b5,85f6d902502149cc10a22387c3424bff5e1e462c3dc1e39de2cd0b68ddd53af9
E:/projects/codex/aether/AgentJYS-main/src/aether_agent_memory/runtime/foundation/mutation_receipts.py,src/aether_agent_memory/runtime/foundation/mutation_receipts.py,纳入当前运行/Azure必需差异；实施前hash复核与限定同步,active_only_preserve,False,当前运行版本只读来源；不删除或移动该工作树,,b134e994e0c4a9d6e06555d3d4df7d57cd9fa72c7c964353d0dc803d977ea517
E:/projects/codex/aether/AgentJYS-main/src/aether_agent_memory/runtime/foundation/postgres.py,src/aether_agent_memory/runtime/foundation/postgres.py,参考当前实现做限定合并/清理调整；按限定修改表，不整文件覆盖,different_content_review,False,当前运行版本只读来源；不删除或移动该工作树,ad9e90d072026219c04f8b89e3fa34f5768854eb6cd30365a900e8235c3e17ea,b83291211298a444e82ce5f2f17ee43e61fc2bb1f76493066fe821607a9a56c3
E:/projects/codex/aether/AgentJYS-main/src/aether_agent_memory/runtime/foundation/postgres_telemetry.py,src/aether_agent_memory/runtime/foundation/postgres_telemetry.py,纳入当前运行/Azure必需差异；实施前hash复核与限定同步,different_content_review,False,当前运行版本只读来源；不删除或移动该工作树,573f8249f8508f7f2d6416377b5c7edca2b48cb459b4f31d247b7b32689ad498,a33e5b48cc9658ffb85ca45def0ec0850c4d518d4612d9c86c94ffd64914ce4b
E:/projects/codex/aether/AgentJYS-main/src/aether_agent_memory/runtime/foundation/requests.py,src/aether_agent_memory/runtime/foundation/requests.py,参考当前实现做限定合并/清理调整；按限定修改表，不整文件覆盖,different_content_review,False,当前运行版本只读来源；不删除或移动该工作树,9fc203a86c98d97f978f2c80cde03c56bcfdf8c8b8b3fb9bfdb879552d22968e,ce574d5d3ce02a23b526f7645e6dd9b7b1ce372cec557401c66c078f1648f56c
E:/projects/codex/aether/AgentJYS-main/src/aether_agent_memory/runtime/foundation/sample.py,src/aether_agent_memory/runtime/foundation/sample.py,参考当前实现做限定合并/清理调整；按限定修改表，不整文件覆盖,different_content_review,False,当前运行版本只读来源；不删除或移动该工作树,49705a5c44b5e9afe11054e7a68d5389ab5ce3d8ff9261c7496faaf19b531279,6b0a388f9ec9b805be73430c6748ea8691eba6b971643ff467ded28ee9ae6ef3
E:/projects/codex/aether/AgentJYS-main/src/aether_agent_memory/runtime/foundation/storage.py,src/aether_agent_memory/runtime/foundation/storage.py,废弃项不从参考来源导入；目标现有文件按删除清单处理,different_content_review,False,当前运行版本只读来源；不删除或移动该工作树,d426414828b1846adbbe226f3b973a4f4cdf75dc17916efb91fc71b744cf2475,d72c2b01218171edd60ba16ac5e0318ee9dcf96efb0b4d00fb1ef8c65515a07a
E:/projects/codex/aether/AgentJYS-main/src/aether_agent_memory/runtime/foundation/task_progress.py,src/aether_agent_memory/runtime/foundation/task_progress.py,参考当前实现做限定合并/清理调整；按限定修改表，不整文件覆盖,different_content_review,False,当前运行版本只读来源；不删除或移动该工作树,ecb267a52c23d2d8f055992c4579052e64808020c261f36600d444867d37e102,a456f667e7268f4ecc77581a72f6546c6ea16ca9ae91b98f171b9809e1d4d591
E:/projects/codex/aether/AgentJYS-main/src/aether_agent_memory/runtime/foundation/tasks.py,src/aether_agent_memory/runtime/foundation/tasks.py,参考当前实现做限定合并/清理调整；按限定修改表，不整文件覆盖,different_content_review,False,当前运行版本只读来源；不删除或移动该工作树,460ccf3d2aec7a454cc7fdcb9329ea341a39d2b239b8bd2e3424de6d89c9de0d,1ff28ad6ddabae165fb9ab427c947c327c8c5e30f067fa54ed284ea2bad12afb
E:/projects/codex/aether/AgentJYS-main/src/aether_agent_memory/runtime/foundation/telemetry.py,src/aether_agent_memory/runtime/foundation/telemetry.py,参考当前实现做限定合并/清理调整；按限定修改表，不整文件覆盖,different_content_review,False,当前运行版本只读来源；不删除或移动该工作树,08364dd1af6c14b2c7481f6f52693b467d39531925b0c33ebf24752f61cccced,2b485c6372551e2a60d8193c868e7f6392bf6f7fdc6dd0b3ab60c81ecd044d3f
E:/projects/codex/aether/AgentJYS-main/src/aether_agent_memory/runtime/foundation/transactions.py,src/aether_agent_memory/runtime/foundation/transactions.py,参考当前实现做限定合并/清理调整；按限定修改表，不整文件覆盖,active_only_preserve,False,当前运行版本只读来源；不删除或移动该工作树,,ab2bbd03f4256671529188f4465c600d1939aa8f3f7e18dab4b75a7a674ec38b
E:/projects/codex/aether/AgentJYS-main/src/aether_agent_memory/runtime/storage/__init__.py,src/aether_agent_memory/runtime/storage/__init__.py,纳入当前运行/Azure必需差异；实施前hash复核与限定同步,active_only_preserve,False,当前运行版本只读来源；不删除或移动该工作树,,d0caec80361f40b2c0b9c00cd964d36237eafff1ca72138010f78367cf9726da
E:/projects/codex/aether/AgentJYS-main/src/aether_agent_memory/runtime/storage/azure.py,src/aether_agent_memory/runtime/storage/azure.py,纳入当前运行/Azure必需差异；实施前hash复核与限定同步,active_only_preserve,False,当前运行版本只读来源；不删除或移动该工作树,,365de96288fd1d2192f22b8266ccecb1837c45193a8e70cd8a1af5f5c046992a
E:/projects/codex/aether/AgentJYS-main/src/aether_agent_memory/runtime/storage/cache.py,src/aether_agent_memory/runtime/storage/cache.py,纳入当前运行/Azure必需差异；实施前hash复核与限定同步,active_only_preserve,False,当前运行版本只读来源；不删除或移动该工作树,,f0732dc4848a7ba9c2bf03d828ce187a20d905b16268cd584f460e2bb7e1aa34
E:/projects/codex/aether/AgentJYS-main/src/aether_agent_memory/runtime/storage/configuration.py,src/aether_agent_memory/runtime/storage/configuration.py,纳入当前运行/Azure必需差异；实施前hash复核与限定同步,active_only_preserve,False,当前运行版本只读来源；不删除或移动该工作树,,d59b9ae621bca771c90ec871e155687b9fd5382fba2e28ca7604c96ccf3de12e
E:/projects/codex/aether/AgentJYS-main/src/aether_agent_memory/runtime/storage/objects.py,src/aether_agent_memory/runtime/storage/objects.py,纳入当前运行/Azure必需差异；实施前hash复核与限定同步,active_only_preserve,False,当前运行版本只读来源；不删除或移动该工作树,,ab59fadbd4c9a985d2b5f51a077b37c095298f6913aaa9f11208ed4e67116d05
E:/projects/codex/aether/AgentJYS-main/src/aether_agent_memory/runtime/storage/ports.py,src/aether_agent_memory/runtime/storage/ports.py,纳入当前运行/Azure必需差异；实施前hash复核与限定同步,active_only_preserve,False,当前运行版本只读来源；不删除或移动该工作树,,3e5577d720617ca16f76ea4c559f56fa275cdc714f777b7b3a4751f406955a2b
E:/projects/codex/aether/AgentJYS-main/src/aether_agent_memory/runtime/storage/redis_cache.py,src/aether_agent_memory/runtime/storage/redis_cache.py,纳入当前运行/Azure必需差异；实施前hash复核与限定同步,active_only_preserve,False,当前运行版本只读来源；不删除或移动该工作树,,aae23fd8f6823571d3db981a96991474c8c1233e63fbbcbc25b1d44adb877971
E:/projects/codex/aether/AgentJYS-main/src/aether_agent_memory/runtime/storage/redis_executor.py,src/aether_agent_memory/runtime/storage/redis_executor.py,参考当前实现做限定合并/清理调整；按限定修改表，不整文件覆盖,active_only_preserve,False,当前运行版本只读来源；不删除或移动该工作树,,9e6d5db76cc0f4f7a6da02da86eb76ece114a5d36489e18cd6791583278c955b
E:/projects/codex/aether/AgentJYS-main/src/aether_agent_memory/runtime/storage/vectors.py,src/aether_agent_memory/runtime/storage/vectors.py,纳入当前运行/Azure必需差异；实施前hash复核与限定同步,active_only_preserve,False,当前运行版本只读来源；不删除或移动该工作树,,049b997a0e77b1b525bc97994668363749e315436e679eebcc92926856cb6158
E:/projects/codex/aether/AgentJYS-main/src/aether_agent_memory/runtime/temporal/activities.py,src/aether_agent_memory/runtime/temporal/activities.py,参考当前实现做限定合并/清理调整；按限定修改表，不整文件覆盖,different_content_review,False,当前运行版本只读来源；不删除或移动该工作树,e956049f519c3628ebcdb4e8703b2dbcc76bbadcdab6ffe7f0b859032609e539,1ca50b470c2d9764689b3a09384bf5a0499baa698f923675cac63099ea23e712
E:/projects/codex/aether/AgentJYS-main/src/aether_agent_memory/runtime/temporal/bridge.py,src/aether_agent_memory/runtime/temporal/bridge.py,纳入当前运行/Azure必需差异；实施前hash复核与限定同步,different_content_review,False,当前运行版本只读来源；不删除或移动该工作树,ac316be700e73426cee8425c58fc87aab129b4966c791f57675c1a007cf137e3,1f1b565fa765c054cc0be76f5318dd7e321d1d09ca5d097c645ab20ba2022782
E:/projects/codex/aether/AgentJYS-main/src/aether_agent_memory/runtime/temporal/controls.py,src/aether_agent_memory/runtime/temporal/controls.py,参考当前实现做限定合并/清理调整；按限定修改表，不整文件覆盖,different_content_review,False,当前运行版本只读来源；不删除或移动该工作树,29de1204dbb71bc7c7358a67abaf18babefbe1e8a70699aea493b236c27b0809,8454afbc1f1c3872ac570de66d9b2906d1bea0c8faeec371b19dc8f271cc16d7
E:/projects/codex/aether/AgentJYS-main/src/aether_agent_memory/runtime/temporal/events.py,src/aether_agent_memory/runtime/temporal/events.py,参考当前实现做限定合并/清理调整；按限定修改表，不整文件覆盖,different_content_review,False,当前运行版本只读来源；不删除或移动该工作树,2fd5d9b1983d7432325c8de03681fd6777599d4b2d014e44dee092090631eeb1,4d1fffedb69bf76b9c0a14643a8dc71ba5926289055329869c6fe94dc0327248
E:/projects/codex/aether/AgentJYS-main/src/aether_agent_memory/runtime/temporal/gateway.py,src/aether_agent_memory/runtime/temporal/gateway.py,参考当前实现做限定合并/清理调整；按限定修改表，不整文件覆盖,different_content_review,False,当前运行版本只读来源；不删除或移动该工作树,ae465b346a4b436db202ec5bcfaae80d302d06655c65b37706a7b30236a80fee,8f9c8708827e0997c4a6e2b97431770a704e83e629732ef1d7d76176f4ed7f14
E:/projects/codex/aether/AgentJYS-main/src/aether_agent_memory/runtime/temporal/ingress.py,src/aether_agent_memory/runtime/temporal/ingress.py,参考当前实现做限定合并/清理调整；按限定修改表，不整文件覆盖,different_content_review,False,当前运行版本只读来源；不删除或移动该工作树,f25831036ff010162b4c15a8d8cafab9711f84c0b3bf3d320eed3edeb98cd7b9,a58c184371773467ee8f381ad671b52cb1d96165d18d7337ee08133f4e6ff904
E:/projects/codex/aether/AgentJYS-main/src/aether_agent_memory/runtime/temporal/ledger.py,src/aether_agent_memory/runtime/temporal/ledger.py,参考当前实现做限定合并/清理调整；按限定修改表，不整文件覆盖,different_content_review,False,当前运行版本只读来源；不删除或移动该工作树,8563304ccc4a599fdd3b693282d90fe8c3b8dba3c47e516b8c31073a587f5712,6127247ca93f0bd5617cff28cc7ec37c22f160cd5282774b0b97fda7c727e98c
E:/projects/codex/aether/AgentJYS-main/src/aether_agent_memory/runtime/temporal/operation_lookup.py,src/aether_agent_memory/runtime/temporal/operation_lookup.py,纳入当前运行/Azure必需差异；实施前hash复核与限定同步,active_only_preserve,False,当前运行版本只读来源；不删除或移动该工作树,,a89f7f4526b51a746ef8b6d3e4c44fbb7a6c86ae8e1ae4b482c8336a8250640f
E:/projects/codex/aether/AgentJYS-main/src/aether_agent_memory/runtime/temporal/periodic.py,src/aether_agent_memory/runtime/temporal/periodic.py,参考当前实现做限定合并/清理调整；按限定修改表，不整文件覆盖,different_content_review,True,当前运行版本只读来源；不删除或移动该工作树,ebdb3a66fd0fb54c5ebb67aa8a63ab4c4c20254d6b080aee5f305f79e44506f2,595ca64e60b5c2875e886788d36b306e223fcdc95bf2674da9a8ea2cfdc83658
E:/projects/codex/aether/AgentJYS-main/src/aether_agent_memory/runtime/temporal/projections.py,src/aether_agent_memory/runtime/temporal/projections.py,参考当前实现做限定合并/清理调整；按限定修改表，不整文件覆盖,different_content_review,False,当前运行版本只读来源；不删除或移动该工作树,2f4630d757617a72e48b4ee946880b6ca3c99b15b6554e662d56ed641160cf4b,7129c5c8e66b77ac1e7faaa9ebce40a19a39e88cd60600eaa80303214bd54808
E:/projects/codex/aether/AgentJYS-main/src/aether_agent_memory/runtime/temporal/recall.py,src/aether_agent_memory/runtime/temporal/recall.py,纳入当前运行/Azure必需差异；实施前hash复核与限定同步,different_content_review,False,当前运行版本只读来源；不删除或移动该工作树,08ad1e0d94a87c120ada474ee88b9e4c835ec698f04292afaa483c3710b6f9c8,1c4b097b1d7c02fc8d25dc94548553e3ce6b2ed78352477ccd7647d168d9145b
E:/projects/codex/aether/AgentJYS-main/src/aether_agent_memory/runtime/temporal/service.py,src/aether_agent_memory/runtime/temporal/service.py,参考当前实现做限定合并/清理调整；按限定修改表，不整文件覆盖,different_content_review,False,当前运行版本只读来源；不删除或移动该工作树,96262033b6312bc0695f15925443359ad0173ec28da6338cb835e8c4962f21c8,43ef0d3811a83becbb1916552ffefa96f1add495b27b085f5b01d1d18e644f53
E:/projects/codex/aether/AgentJYS-main/src/aether_agent_memory/runtime/temporal/worker.py,src/aether_agent_memory/runtime/temporal/worker.py,纳入当前运行/Azure必需差异；实施前hash复核与限定同步,different_content_review,False,当前运行版本只读来源；不删除或移动该工作树,8eb9dfe29ff59099925fed24e03709d4e620922d84b9aed358258e1b9c46c64f,b0aeee1887c7ff8a8c958fb6dbe5a12e7d0188127b46024a68f24decb2b70163
E:/projects/codex/aether/AgentJYS-main/src/aether_agent_memory/runtime/vector_backend.py,src/aether_agent_memory/runtime/vector_backend.py,参考当前实现做限定合并/清理调整；按限定修改表，不整文件覆盖,different_content_review,False,当前运行版本只读来源；不删除或移动该工作树,09b3fa381c2751f97c784804c561865006d88bf49c5c797898fd8a23959f8bf8,f2080eaa67a72f34b5f38bd1bf498e0b1d9f140a12f6c26cddef80fd98aabfce
E:/projects/codex/aether/AgentJYS-main/src/aether_p4_simulator/demo/coverage.py,src/aether_p4_simulator/demo/coverage.py,纳入当前运行/Azure必需差异；实施前hash复核与限定同步,different_content_review,False,当前运行版本只读来源；不删除或移动该工作树,5c4be93e86ccb982e5b1d148506a46a3ccebaf6fe4a719b870a4f6f41b6563fa,18fe03f651b2fcab39e66402df524d959087f25eb71864e05a84b12546add485
E:/projects/codex/aether/AgentJYS-main/src/aether_p4_simulator/demo/definition.py,src/aether_p4_simulator/demo/definition.py,纳入当前运行/Azure必需差异；实施前hash复核与限定同步,active_only_preserve,False,当前运行版本只读来源；不删除或移动该工作树,,1e9bbff6075bb46dd2a799c0fffb7f924a8bd2a86d7311b4ffabc8be36786bfc
E:/projects/codex/aether/AgentJYS-main/src/aether_p4_simulator/demo/diagnostics.py,src/aether_p4_simulator/demo/diagnostics.py,纳入当前运行/Azure必需差异；实施前hash复核与限定同步,different_content_review,False,当前运行版本只读来源；不删除或移动该工作树,7567f058ce110f7bb15e2ed379e34d60e86e9d539842ca0c450efea8c3a848f0,a5e8d415c30d683fe9bca84da16f7245ba2ac52f7c4f71fc53c636bba60c0fd3
E:/projects/codex/aether/AgentJYS-main/src/aether_p4_simulator/demo/execution.py,src/aether_p4_simulator/demo/execution.py,纳入当前运行/Azure必需差异；实施前hash复核与限定同步,different_content_review,False,当前运行版本只读来源；不删除或移动该工作树,cbb96cd84bc499c69ea62abcbbbc0d3f8fc03b7486995cbdcf63833327583713,bd4d4ae56d4901b1bb53a20ac16c36dd093faf88e4e3c4d3357f23de7a97de18
E:/projects/codex/aether/AgentJYS-main/src/aether_p4_simulator/demo/http.py,src/aether_p4_simulator/demo/http.py,纳入当前运行/Azure必需差异；实施前hash复核与限定同步,different_content_review,False,当前运行版本只读来源；不删除或移动该工作树,2762e380a73e4cb9d1da0d53bddfbeccf27f2b7ead29d0c35e9545bbe03961bf,191bda1cc0356ad1144e9ae9c12489963813aae582c80e63296f85ac08118a69
E:/projects/codex/aether/AgentJYS-main/src/aether_p4_simulator/demo/initialization.py,src/aether_p4_simulator/demo/initialization.py,纳入当前运行/Azure必需差异；实施前hash复核与限定同步,active_only_preserve,False,当前运行版本只读来源；不删除或移动该工作树,,6db63c3160127366cf7496d6b55b391f6899bbc78b235013d7e97a6b91933442
E:/projects/codex/aether/AgentJYS-main/src/aether_p4_simulator/demo/models.py,src/aether_p4_simulator/demo/models.py,纳入当前运行/Azure必需差异；实施前hash复核与限定同步,different_content_review,False,当前运行版本只读来源；不删除或移动该工作树,64643e05dbd52deb35c24cf1f332ada700209827fa2cb2bad411228f416533b3,416ec9fdf43656096b85c5320931fbed4c2ab0ba6a2f28dcf4999856b262f0b9
E:/projects/codex/aether/AgentJYS-main/src/aether_p4_simulator/demo/reconciliation.py,src/aether_p4_simulator/demo/reconciliation.py,纳入当前运行/Azure必需差异；实施前hash复核与限定同步,active_only_preserve,False,当前运行版本只读来源；不删除或移动该工作树,,9e0feb54031ac2217bb0b750fcb98301adb02a41bb2efa772885796f65851815
E:/projects/codex/aether/AgentJYS-main/src/aether_p4_simulator/demo/registry.py,src/aether_p4_simulator/demo/registry.py,纳入当前运行/Azure必需差异；实施前hash复核与限定同步,active_only_preserve,False,当前运行版本只读来源；不删除或移动该工作树,,49e07489412c357837f61d747ccdd824941627475b58f7f7575c73afa91d3f54
E:/projects/codex/aether/AgentJYS-main/src/aether_p4_simulator/demo/runner.py,src/aether_p4_simulator/demo/runner.py,纳入当前运行/Azure必需差异；实施前hash复核与限定同步,different_content_review,False,当前运行版本只读来源；不删除或移动该工作树,8d30da8721543b027b7e630a8313eb5d246cfaa64a69ae0ca66e2ff2b8511a5a,59d26496b2ea3667ce215f0637dd1e1710bdf97bf00e9e0d7a7fdbcf7cef74cf
E:/projects/codex/aether/AgentJYS-main/src/aether_p4_simulator/demo/scenarios.py,src/aether_p4_simulator/demo/scenarios.py,纳入当前运行/Azure必需差异；实施前hash复核与限定同步,different_content_review,False,当前运行版本只读来源；不删除或移动该工作树,c29cdda8526ef896a1f618bcc2b8af6a03f7da53bce59981f17cf05d40f4b826,7ba3792cb59bf7164da4e36d3de1765492b6e382db1cc8e7d7296778ce329552
E:/projects/codex/aether/AgentJYS-main/src/aether_p4_simulator/demo/service.py,src/aether_p4_simulator/demo/service.py,纳入当前运行/Azure必需差异；实施前hash复核与限定同步,different_content_review,False,当前运行版本只读来源；不删除或移动该工作树,68dc8d13a89bacd2cdd5022f7a49a65471bd65182205d18dfb49521d1d990430,64efeeb1c5968346233235f36af6edcbbdf7f776c6cabf59985c0172a2acb9fc
E:/projects/codex/aether/AgentJYS-main/src/aether_p4_simulator/demo/state.py,src/aether_p4_simulator/demo/state.py,纳入当前运行/Azure必需差异；实施前hash复核与限定同步,active_only_preserve,False,当前运行版本只读来源；不删除或移动该工作树,,a8b3e371b00767af9c564811ee9cf26d0de34cc736dda4d7423930f9011ce351
E:/projects/codex/aether/AgentJYS-main/src/aether_p4_simulator/demo/stories.py,src/aether_p4_simulator/demo/stories.py,纳入当前运行/Azure必需差异；实施前hash复核与限定同步,different_content_review,False,当前运行版本只读来源；不删除或移动该工作树,06e2e5fa09a8425dfdb0ffb2e509bf0844da0b4e842e895facde740aeaa0691a,ce4a74f9a30ea673a1f41bdc7e398f6f25835d8b26b556b51240358675140be6
E:/projects/codex/aether/AgentJYS-main/src/aether_p4_simulator/server.py,src/aether_p4_simulator/server.py,纳入当前运行/Azure必需差异；实施前hash复核与限定同步,different_content_review,False,当前运行版本只读来源；不删除或移动该工作树,709bd0c39db80f93b8b9a612e69452c8619c38db986ac506ead99ce0778ecded,8f5a06d03d91d75b5a74924cbb5a98efc8a85d0a7fc50bddc043d7a98ddf6dd1
E:/projects/codex/aether/AgentJYS-main/src/aether_p4_simulator/validation/calls.py,src/aether_p4_simulator/validation/calls.py,纳入当前运行/Azure必需差异；实施前hash复核与限定同步,different_content_review,False,当前运行版本只读来源；不删除或移动该工作树,a8b0e3ac61665fa4ae16787856f02cd752d23e9b95bc9a4843b338fd1c3b7b5a,b3ad28283fb111882f9cf98469f830e6e8e709eabf2f412ee9c1dc82f5f1cba2
E:/projects/codex/aether/AgentJYS-main/src/aether_p4_simulator/validation/client.py,src/aether_p4_simulator/validation/client.py,纳入当前运行/Azure必需差异；实施前hash复核与限定同步,different_content_review,False,当前运行版本只读来源；不删除或移动该工作树,632a18dcc454a538da1da1f584fa6f9f59370d69e92950b63d02efceef2bd7fc,2bfd8815c957c175f9a18d3e7c483fad8fdd3be17204f69c095138b93c02afc6
E:/projects/codex/aether/AgentJYS-main/src/aether_p4_simulator/validation/confirmation.py,src/aether_p4_simulator/validation/confirmation.py,纳入当前运行/Azure必需差异；实施前hash复核与限定同步,active_only_preserve,False,当前运行版本只读来源；不删除或移动该工作树,,ddd2521a980977e365f01ff51551a54696104fa67621b266543a9d6b1bfeaed3
E:/projects/codex/aether/AgentJYS-main/tests/azure_storage_support.py,tests/azure_storage_support.py,参考当前实现做限定合并/清理调整；按限定修改表，不整文件覆盖,active_only_preserve,False,当前运行版本只读来源；不删除或移动该工作树,,0da940226d1d718de70bda757bf450680a84fb3741eb234b05f858ac256e59b3
E:/projects/codex/aether/AgentJYS-main/tests/component_configuration.py,tests/component_configuration.py,参考当前实现做限定合并/清理调整；按限定修改表，不整文件覆盖,active_only_preserve,False,当前运行版本只读来源；不删除或移动该工作树,,27b190567a459a86b78c20bac73d3256f6ae5fb098e1d790c3bb273f535e15e8
E:/projects/codex/aether/AgentJYS-main/tests/integration/test_client_admission.py,tests/integration/test_client_admission.py,纳入当前运行/Azure必需差异；实施前hash复核与限定同步,active_only_preserve,False,当前运行版本只读来源；不删除或移动该工作树,,28b17e0a7326dd506b5f69dcef5dc176a848b3f306ae3ffb78c001f03381fc66
E:/projects/codex/aether/AgentJYS-main/tests/integration/test_client_definitions.py,tests/integration/test_client_definitions.py,纳入当前运行/Azure必需差异；实施前hash复核与限定同步,active_only_preserve,False,当前运行版本只读来源；不删除或移动该工作树,,59f108de00236f0b689dabb9e2804b1077b4cc81c227666888734487eca3f97e
E:/projects/codex/aether/AgentJYS-main/tests/integration/test_client_initialization.py,tests/integration/test_client_initialization.py,纳入当前运行/Azure必需差异；实施前hash复核与限定同步,active_only_preserve,False,当前运行版本只读来源；不删除或移动该工作树,,c8014a7488c803bff49cdeb66b550d3051f5616f596ea999b445f34f5c349d9a
E:/projects/codex/aether/AgentJYS-main/tests/integration/test_client_inputs.py,tests/integration/test_client_inputs.py,纳入当前运行/Azure必需差异；实施前hash复核与限定同步,active_only_preserve,False,当前运行版本只读来源；不删除或移动该工作树,,3514ecc0b3311a7043a7d3857cca5f2977d7673b5b3beffd0738a16ed1219544
E:/projects/codex/aether/AgentJYS-main/tests/integration/test_client_recoveries.py,tests/integration/test_client_recoveries.py,纳入当前运行/Azure必需差异；实施前hash复核与限定同步,active_only_preserve,False,当前运行版本只读来源；不删除或移动该工作树,,6c0526b74ef39c296060f406786b6d4edaa4b53dbad4b495a12b92bcb9bcc410
E:/projects/codex/aether/AgentJYS-main/tests/integration/test_client_recovery_inputs.py,tests/integration/test_client_recovery_inputs.py,纳入当前运行/Azure必需差异；实施前hash复核与限定同步,active_only_preserve,False,当前运行版本只读来源；不删除或移动该工作树,,5950b8b5e16451d4a75d7d396bb411a19f76dc1e3cd48b8f4f25ec86f0aea37f
E:/projects/codex/aether/AgentJYS-main/tests/integration/test_client_recovery_reads.py,tests/integration/test_client_recovery_reads.py,纳入当前运行/Azure必需差异；实施前hash复核与限定同步,active_only_preserve,False,当前运行版本只读来源；不删除或移动该工作树,,73c3789dda7813f2e7dd6c591be4e42aeb65474d7cadf84a0763d499421ecb56
E:/projects/codex/aether/AgentJYS-main/tests/integration/test_client_recovery_safety.py,tests/integration/test_client_recovery_safety.py,纳入当前运行/Azure必需差异；实施前hash复核与限定同步,active_only_preserve,False,当前运行版本只读来源；不删除或移动该工作树,,e85cbdbaa6cf68ac9dfee73954fc33c82d6f58461fb3f009eae045cf600b4019
E:/projects/codex/aether/AgentJYS-main/tests/integration/test_client_request_binding.py,tests/integration/test_client_request_binding.py,纳入当前运行/Azure必需差异；实施前hash复核与限定同步,active_only_preserve,False,当前运行版本只读来源；不删除或移动该工作树,,564add68eb58b6647edba266a3ecdda9d945fc93e8739868ce5f73bf9b483cb2
E:/projects/codex/aether/AgentJYS-main/tests/integration/test_client_run_registry.py,tests/integration/test_client_run_registry.py,纳入当前运行/Azure必需差异；实施前hash复核与限定同步,active_only_preserve,False,当前运行版本只读来源；不删除或移动该工作树,,4a39a4f3956bf56e3737c1aba14f8f2e847e1b424ae6e7f1b30dfe524458327e
E:/projects/codex/aether/AgentJYS-main/tests/integration/test_client_scopes.py,tests/integration/test_client_scopes.py,纳入当前运行/Azure必需差异；实施前hash复核与限定同步,active_only_preserve,False,当前运行版本只读来源；不删除或移动该工作树,,924633d3b07fceb46ddb3919af9cb3800a561f5a56674ea5498fd52c2878b1ab
E:/projects/codex/aether/AgentJYS-main/tests/integration/test_client_state_streams.py,tests/integration/test_client_state_streams.py,纳入当前运行/Azure必需差异；实施前hash复核与限定同步,active_only_preserve,False,当前运行版本只读来源；不删除或移动该工作树,,4692c99ec63f6a0dfcaa4d067bd82f8c02dbe2ead0738f15598ec0ee3ddcedd8
E:/projects/codex/aether/AgentJYS-main/tests/integration/test_client_states.py,tests/integration/test_client_states.py,纳入当前运行/Azure必需差异；实施前hash复核与限定同步,active_only_preserve,False,当前运行版本只读来源；不删除或移动该工作树,,de2da30dd703e796804ea2353ab31898bebe4ecd1da05685cfe561e55c06850b
E:/projects/codex/aether/AgentJYS-main/tests/integration/test_client_transfer_races.py,tests/integration/test_client_transfer_races.py,纳入当前运行/Azure必需差异；实施前hash复核与限定同步,active_only_preserve,False,当前运行版本只读来源；不删除或移动该工作树,,660c8e61f345375e8b3528ba2702ee941e43d78238dedcfc766b2510498f46f8
E:/projects/codex/aether/AgentJYS-main/tests/integration/test_client_transfers.py,tests/integration/test_client_transfers.py,纳入当前运行/Azure必需差异；实施前hash复核与限定同步,active_only_preserve,False,当前运行版本只读来源；不删除或移动该工作树,,0dfc7739461841e3e792093befb4919aeacd4021cfd914111416f2aa95f20e83
E:/projects/codex/aether/AgentJYS-main/tests/integration/test_continuous_service.py,tests/integration/test_continuous_service.py,纳入当前运行/Azure必需差异；实施前hash复核与限定同步,different_content_review,False,当前运行版本只读来源；不删除或移动该工作树,72d3bf3e8e93c8ddbc60e5321625d37f10f76936139dcd3933438a28a0df9733,ba5cd50048360df54f13921b100e8f26b3c763a9ec60b088f2d70fdb324bcf72
E:/projects/codex/aether/AgentJYS-main/tests/integration/test_current_p2.py,tests/integration/test_current_p2.py,纳入当前运行/Azure必需差异；实施前hash复核与限定同步,active_only_preserve,False,当前运行版本只读来源；不删除或移动该工作树,,753d26927b84e55809c22d361609bbba4fab8852c5ff44d32ee4e6d61c78349d
E:/projects/codex/aether/AgentJYS-main/tests/integration/test_current_p2_demos.py,tests/integration/test_current_p2_demos.py,纳入当前运行/Azure必需差异；实施前hash复核与限定同步,active_only_preserve,False,当前运行版本只读来源；不删除或移动该工作树,,709cbc3935a6931f90b3855530ab5d91265df938db809dfc56097fcd55191a97
E:/projects/codex/aether/AgentJYS-main/tests/integration/test_current_p2_http.py,tests/integration/test_current_p2_http.py,纳入当前运行/Azure必需差异；实施前hash复核与限定同步,active_only_preserve,False,当前运行版本只读来源；不删除或移动该工作树,,95f76b63f887d77b7cb97f5ce7d7f4401089de1b9c59e7674f66278d66d0c64b
E:/projects/codex/aether/AgentJYS-main/tests/integration/test_current_p2_native.py,tests/integration/test_current_p2_native.py,纳入当前运行/Azure必需差异；实施前hash复核与限定同步,active_only_preserve,False,当前运行版本只读来源；不删除或移动该工作树,,9c95fb17065b617efeaae44c538bb3b4df3c4700ae44e142de1494dd921d547d
E:/projects/codex/aether/AgentJYS-main/tests/integration/test_http_admission_evidence.py,tests/integration/test_http_admission_evidence.py,纳入当前运行/Azure必需差异；实施前hash复核与限定同步,active_only_preserve,False,当前运行版本只读来源；不删除或移动该工作树,,ab51751cbbb1a61712ced99c30c1c556f1b3133f6eadb863f2a4344d242a2501
E:/projects/codex/aether/AgentJYS-main/tests/integration/test_mutation_receipts.py,tests/integration/test_mutation_receipts.py,纳入当前运行/Azure必需差异；实施前hash复核与限定同步,active_only_preserve,False,当前运行版本只读来源；不删除或移动该工作树,,6b427a3c6bdc7e2950c6590f547cdc63fd726f668aa53f39c5f34875cdb8eba2
E:/projects/codex/aether/AgentJYS-main/tests/integration/test_mutation_results.py,tests/integration/test_mutation_results.py,纳入当前运行/Azure必需差异；实施前hash复核与限定同步,active_only_preserve,False,当前运行版本只读来源；不删除或移动该工作树,,3537cd53d16acc07bc880be89d9be576a5fafd48c31ddb2d096ffb37014ef7ca
E:/projects/codex/aether/AgentJYS-main/tests/integration/test_operation_lookup.py,tests/integration/test_operation_lookup.py,纳入当前运行/Azure必需差异；实施前hash复核与限定同步,active_only_preserve,False,当前运行版本只读来源；不删除或移动该工作树,,349d66259d543ec335ecdaaa0225d1ea0613d8d9a34f8712692c7e9c782f1359
E:/projects/codex/aether/AgentJYS-main/tests/integration/test_p2_tls_transport.py,tests/integration/test_p2_tls_transport.py,纳入当前运行/Azure必需差异；实施前hash复核与限定同步,active_only_preserve,False,当前运行版本只读来源；不删除或移动该工作树,,68f323d108d046a747cdd6664ffa940e011477935ddeda4d76812f944cfe0e70
E:/projects/codex/aether/AgentJYS-main/tests/integration/test_p4_activations.py,tests/integration/test_p4_activations.py,纳入当前运行/Azure必需差异；实施前hash复核与限定同步,active_only_preserve,False,当前运行版本只读来源；不删除或移动该工作树,,e03b107c0c2c484895c49689686b5e64e0df05a0e5fd65edfbe0fc33360c8d5d
E:/projects/codex/aether/AgentJYS-main/tests/integration/test_p4_demo_recovery.py,tests/integration/test_p4_demo_recovery.py,纳入当前运行/Azure必需差异；实施前hash复核与限定同步,active_only_preserve,False,当前运行版本只读来源；不删除或移动该工作树,,ab1466393bb31174b9bf1e02b26feca8b3e90347fb22ef9e8710bd858043d010
E:/projects/codex/aether/AgentJYS-main/tests/integration/test_p4_demo_reply_loss.py,tests/integration/test_p4_demo_reply_loss.py,纳入当前运行/Azure必需差异；实施前hash复核与限定同步,active_only_preserve,False,当前运行版本只读来源；不删除或移动该工作树,,b3de7ae0dac18878cb1a400d2e9cb6df8ba1a13c78901882d956d951a6bd0d6e
E:/projects/codex/aether/AgentJYS-main/tests/integration/test_p4_demo_stories.py,tests/integration/test_p4_demo_stories.py,纳入当前运行/Azure必需差异；实施前hash复核与限定同步,different_content_review,False,当前运行版本只读来源；不删除或移动该工作树,d55f483a39257b57e056cab7ebc107d65a5414a9ff43807eaf8815e4cc362e50,9eeb68d270307bcc5a118897727034a26774db70afbb38917884c74f4f90563e
E:/projects/codex/aether/AgentJYS-main/tests/integration/test_p4_demo_temporal.py,tests/integration/test_p4_demo_temporal.py,纳入当前运行/Azure必需差异；实施前hash复核与限定同步,different_content_review,False,当前运行版本只读来源；不删除或移动该工作树,9178999085b040a90e4c14dc6cd248bfccec949935c6f67ae4ca67c5457df840,baac3cb3e00b04190fa4ad443d558a2bfaa3fc388a61785d2fb2ab657ec3eeb5
E:/projects/codex/aether/AgentJYS-main/tests/integration/test_p4_execution_state.py,tests/integration/test_p4_execution_state.py,纳入当前运行/Azure必需差异；实施前hash复核与限定同步,active_only_preserve,False,当前运行版本只读来源；不删除或移动该工作树,,1e16c9c08ca40e3f83b7525f9319758b174d91c17a37751c82e7790421b07c72
E:/projects/codex/aether/AgentJYS-main/tests/integration/test_p4_initialization_boundaries.py,tests/integration/test_p4_initialization_boundaries.py,纳入当前运行/Azure必需差异；实施前hash复核与限定同步,active_only_preserve,False,当前运行版本只读来源；不删除或移动该工作树,,0ed2d256ba733aab07f900c19c36dd63ac2d24575f3a3fc400b2f7e4fdc61558
E:/projects/codex/aether/AgentJYS-main/tests/integration/test_p4_initialization_definition.py,tests/integration/test_p4_initialization_definition.py,纳入当前运行/Azure必需差异；实施前hash复核与限定同步,active_only_preserve,False,当前运行版本只读来源；不删除或移动该工作树,,055f67ca720674bcb6392ae590000272060b1efb44e4a5c9b919357e8ecfab0e
E:/projects/codex/aether/AgentJYS-main/tests/integration/test_p4_initialization_process.py,tests/integration/test_p4_initialization_process.py,纳入当前运行/Azure必需差异；实施前hash复核与限定同步,active_only_preserve,False,当前运行版本只读来源；不删除或移动该工作树,,f554008c9292432bcbec65d7a05c1c1d59eb31e518b8474d925b5562cb2f4936
E:/projects/codex/aether/AgentJYS-main/tests/integration/test_p4_initialization_recovery.py,tests/integration/test_p4_initialization_recovery.py,纳入当前运行/Azure必需差异；实施前hash复核与限定同步,active_only_preserve,False,当前运行版本只读来源；不删除或移动该工作树,,2d511e29db0b17b6df85625f16aa0df93c683fd45edc7bdfbd27cbb2283f8a93
E:/projects/codex/aether/AgentJYS-main/tests/integration/test_p4_reconciliation.py,tests/integration/test_p4_reconciliation.py,纳入当前运行/Azure必需差异；实施前hash复核与限定同步,active_only_preserve,False,当前运行版本只读来源；不删除或移动该工作树,,7f89e553033b5fa0fa2a787d52cccbb2319430dc7fe75fbf57be72c48634933a
E:/projects/codex/aether/AgentJYS-main/tests/integration/test_p4_recovery_inputs.py,tests/integration/test_p4_recovery_inputs.py,纳入当前运行/Azure必需差异；实施前hash复核与限定同步,active_only_preserve,False,当前运行版本只读来源；不删除或移动该工作树,,444a330bd5c1ccfd7eeea106f3be459475150afbadd4723708514c6b23f43214
E:/projects/codex/aether/AgentJYS-main/tests/integration/test_p4_recovery_reads.py,tests/integration/test_p4_recovery_reads.py,纳入当前运行/Azure必需差异；实施前hash复核与限定同步,active_only_preserve,False,当前运行版本只读来源；不删除或移动该工作树,,2bc8d31eb1b7093829ef2e4a6e93d60a05420e728ea6e9c62f103518c3084478
E:/projects/codex/aether/AgentJYS-main/tests/integration/test_p4_transfers.py,tests/integration/test_p4_transfers.py,纳入当前运行/Azure必需差异；实施前hash复核与限定同步,active_only_preserve,False,当前运行版本只读来源；不删除或移动该工作树,,ebc93660a5188282e97a148015a7a68c54b4d4b8aa6c7448640a12a26f382333
E:/projects/codex/aether/AgentJYS-main/tests/integration/test_pending_recall_restart.py,tests/integration/test_pending_recall_restart.py,纳入当前运行/Azure必需差异；实施前hash复核与限定同步,active_only_preserve,False,当前运行版本只读来源；不删除或移动该工作树,,843abc361635d1cf4beba331155ea3aa43230e5752ac930b00f3fede6f46d126
E:/projects/codex/aether/AgentJYS-main/tests/integration/test_rf_completion.py,tests/integration/test_rf_completion.py,纳入当前运行/Azure必需差异；实施前hash复核与限定同步,different_content_review,False,当前运行版本只读来源；不删除或移动该工作树,07a0ae45bfe7d8b24b2290cc43ccd0e7ed4e4fc5e560def1c2e8422aeb6bf3e2,7f51461586a23b9f35cde782685fd00fb301c5578637ba6c9eeccda5342c3ad8
E:/projects/codex/aether/AgentJYS-main/tests/integration/test_temporal_process_recovery.py,tests/integration/test_temporal_process_recovery.py,纳入当前运行/Azure必需差异；实施前hash复核与限定同步,different_content_review,False,当前运行版本只读来源；不删除或移动该工作树,d8bd52904ee645fc64a0383d5fe39d919ef6b99f7fa55b0e809d5d70dcbca835,b82e39d2181c415d956ce86e035814bd7ab83c3a9a76106d64bafd873bb31438
E:/projects/codex/aether/AgentJYS-main/tests/integration/test_transfer_interface_evidence.py,tests/integration/test_transfer_interface_evidence.py,纳入当前运行/Azure必需差异；实施前hash复核与限定同步,active_only_preserve,False,当前运行版本只读来源；不删除或移动该工作树,,719c55f3dd3747aa539583754bf3baf0eba75e5b81bb250ad4fa5a96ea7371fa
E:/projects/codex/aether/AgentJYS-main/tests/integration/test_transfer_write_boundaries.py,tests/integration/test_transfer_write_boundaries.py,纳入当前运行/Azure必需差异；实施前hash复核与限定同步,active_only_preserve,False,当前运行版本只读来源；不删除或移动该工作树,,95e89d36a3f3a6556da5a6435879fd2f6d5505ee51d203a98edb3a9548d9232f
E:/projects/codex/aether/AgentJYS-main/tests/integration/test_web_gateway.py,tests/integration/test_web_gateway.py,纳入当前运行/Azure必需差异；实施前hash复核与限定同步,active_only_preserve,False,当前运行版本只读来源；不删除或移动该工作树,,6fdcaad7765771a137de599f3a738fd58ac98a60adba2113cc586558384c3169
E:/projects/codex/aether/AgentJYS-main/tests/runtime/flows/test_async_postgres_telemetry.py,tests/runtime/flows/test_async_postgres_telemetry.py,纳入当前运行/Azure必需差异；实施前hash复核与限定同步,active_only_preserve,False,当前运行版本只读来源；不删除或移动该工作树,,e1092440870dac1b44433a4f39a29cfd7d89f5e42037d28422af761e0e070d67
E:/projects/codex/aether/AgentJYS-main/tests/runtime/flows/test_async_recall_postgres.py,tests/runtime/flows/test_async_recall_postgres.py,纳入当前运行/Azure必需差异；实施前hash复核与限定同步,active_only_preserve,False,当前运行版本只读来源；不删除或移动该工作树,,346ee829fc46da61344a5ccf8f0be71ec08f0c06057fbf86ff916f5428309a15
E:/projects/codex/aether/AgentJYS-main/tests/runtime/flows/test_azure_cache.py,tests/runtime/flows/test_azure_cache.py,纳入当前运行/Azure必需差异；实施前hash复核与限定同步,active_only_preserve,False,当前运行版本只读来源；不删除或移动该工作树,,da02ed1537f7ee8703d1957b9022d20866d6e89b3dc0e2b8368f473ffadfb7a9
E:/projects/codex/aether/AgentJYS-main/tests/runtime/flows/test_azure_cache_executor.py,tests/runtime/flows/test_azure_cache_executor.py,纳入当前运行/Azure必需差异；实施前hash复核与限定同步,active_only_preserve,False,当前运行版本只读来源；不删除或移动该工作树,,1177975bd913c4c217bfecbda3117d06e29479ba452bab075ef7c059e0d99df1
E:/projects/codex/aether/AgentJYS-main/tests/runtime/flows/test_azure_model_business.py,tests/runtime/flows/test_azure_model_business.py,纳入当前运行/Azure必需差异；实施前hash复核与限定同步,active_only_preserve,False,当前运行版本只读来源；不删除或移动该工作树,,5e54e66f9856538b48aa6208183705d9394a215d07e163d18a5b5190379fb4fd
E:/projects/codex/aether/AgentJYS-main/tests/runtime/flows/test_azure_objects.py,tests/runtime/flows/test_azure_objects.py,纳入当前运行/Azure必需差异；实施前hash复核与限定同步,active_only_preserve,False,当前运行版本只读来源；不删除或移动该工作树,,d2f1e89ff4a37b281f9c87436a0599efdcbdd981118cc30554665666aa0587dc
E:/projects/codex/aether/AgentJYS-main/tests/runtime/flows/test_azure_process_business.py,tests/runtime/flows/test_azure_process_business.py,纳入当前运行/Azure必需差异；实施前hash复核与限定同步,active_only_preserve,False,当前运行版本只读来源；不删除或移动该工作树,,15b7ea8b25acf969d5f83b508d542d992c324597e4676a5d7614154df96bdb54
E:/projects/codex/aether/AgentJYS-main/tests/runtime/flows/test_azure_real_ceph.py,tests/runtime/flows/test_azure_real_ceph.py,纳入当前运行/Azure必需差异；实施前hash复核与限定同步,active_only_preserve,False,当前运行版本只读来源；不删除或移动该工作树,,a3a4d281a2768db5dabb3ce659f3bc85d58961aa56d326c25072b12d71d05854
E:/projects/codex/aether/AgentJYS-main/tests/runtime/flows/test_azure_service_identity.py,tests/runtime/flows/test_azure_service_identity.py,纳入当前运行/Azure必需差异；实施前hash复核与限定同步,active_only_preserve,False,当前运行版本只读来源；不删除或移动该工作树,,1318ce474a298d82e8333b95ccb92088839eb7253748676cccc49e2394ff2012
E:/projects/codex/aether/AgentJYS-main/tests/runtime/flows/test_azure_storage_assembly.py,tests/runtime/flows/test_azure_storage_assembly.py,纳入当前运行/Azure必需差异；实施前hash复核与限定同步,active_only_preserve,False,当前运行版本只读来源；不删除或移动该工作树,,15abc291cd2f031becbb527f2b5d638d19f237a62738a26bcc49a6a02af74c37
E:/projects/codex/aether/AgentJYS-main/tests/runtime/flows/test_azure_storage_configuration.py,tests/runtime/flows/test_azure_storage_configuration.py,纳入当前运行/Azure必需差异；实施前hash复核与限定同步,active_only_preserve,False,当前运行版本只读来源；不删除或移动该工作树,,87e654859b835ce9f75c2ba00d7ec1b360cb0768eee663acbb460b908027ccd8
E:/projects/codex/aether/AgentJYS-main/tests/runtime/flows/test_azure_vector_contract.py,tests/runtime/flows/test_azure_vector_contract.py,纳入当前运行/Azure必需差异；实施前hash复核与限定同步,active_only_preserve,False,当前运行版本只读来源；不删除或移动该工作树,,811dfa0653078b50c7f41b4b3e52bbe66fdf432005ab1dcfee3008d8881eabd8
E:/projects/codex/aether/AgentJYS-main/tests/runtime/flows/test_current_p2_vectors.py,tests/runtime/flows/test_current_p2_vectors.py,纳入当前运行/Azure必需差异；实施前hash复核与限定同步,active_only_preserve,False,当前运行版本只读来源；不删除或移动该工作树,,bf725e5d1c61101cd33ed1b12805aa9c42ab7348648b78c37fad7ebd48fcc5e3
E:/projects/codex/aether/AgentJYS-main/tests/runtime/flows/test_flows.py,tests/runtime/flows/test_flows.py,参考当前实现做限定合并/清理调整；按限定修改表，不整文件覆盖,different_content_review,False,当前运行版本只读来源；不删除或移动该工作树,fd713fb89fd6b7c6c76c7ccbc8dc6309c9b9b9cf6b14016c8b3bbfc21c8e44a3,54de327eafc8400d77a9c3fd5055d63855c1f79b92c88298683fa20910340fa7
E:/projects/codex/aether/AgentJYS-main/tests/runtime/flows/test_health_budget_configuration.py,tests/runtime/flows/test_health_budget_configuration.py,纳入当前运行/Azure必需差异；实施前hash复核与限定同步,active_only_preserve,False,当前运行版本只读来源；不删除或移动该工作树,,cadc864e7d13cd6db46706a72a8add32855e3524cb1097e3a26eed8d1ddf419e
E:/projects/codex/aether/AgentJYS-main/tests/runtime/flows/test_http_request_deadline.py,tests/runtime/flows/test_http_request_deadline.py,纳入当前运行/Azure必需差异；实施前hash复核与限定同步,active_only_preserve,False,当前运行版本只读来源；不删除或移动该工作树,,051054598988b15ee297b79bfc25f452b9a4c796c5f676aeb3526483e5ed6662
E:/projects/codex/aether/AgentJYS-main/tests/runtime/flows/test_milvus_connection.py,tests/runtime/flows/test_milvus_connection.py,纳入当前运行/Azure必需差异；实施前hash复核与限定同步,different_content_review,False,当前运行版本只读来源；不删除或移动该工作树,3c1e2ce058251d5949c6611bcdd254fac377d0897fd6ab3348842d77b621529a,9817d030cd7d61f40423c00395613a667c50e05de14662e9a1ad3209edd2a59a
E:/projects/codex/aether/AgentJYS-main/tests/runtime/flows/test_mutation_replay.py,tests/runtime/flows/test_mutation_replay.py,纳入当前运行/Azure必需差异；实施前hash复核与限定同步,active_only_preserve,False,当前运行版本只读来源；不删除或移动该工作树,,dc449531b7e21f1c7dc65047442c0dc9b223457817621be6b239dc57e86ea406
E:/projects/codex/aether/AgentJYS-main/tests/runtime/flows/test_p2_storage_configuration.py,tests/runtime/flows/test_p2_storage_configuration.py,纳入当前运行/Azure必需差异；实施前hash复核与限定同步,active_only_preserve,False,当前运行版本只读来源；不删除或移动该工作树,,bcda865b22e06d550c895253d7825ef66bf85b64ccb37d89b3e8f3113021e0c9
E:/projects/codex/aether/AgentJYS-main/tests/runtime/flows/test_postgres_log_burst.py,tests/runtime/flows/test_postgres_log_burst.py,纳入当前运行/Azure必需差异；实施前hash复核与限定同步,active_only_preserve,False,当前运行版本只读来源；不删除或移动该工作树,,2ded98bea8eccb8c3ff291d9e45d1270cdce055776a0d72e8e0e85ba4251f58b
E:/projects/codex/aether/AgentJYS-main/tests/runtime/flows/test_postgres_observability.py,tests/runtime/flows/test_postgres_observability.py,参考当前实现做限定合并/清理调整；按限定修改表，不整文件覆盖,different_content_review,False,当前运行版本只读来源；不删除或移动该工作树,9996c42e512ae7b17df1b6b9d3d15ca62cb11c0f463ad825135a55f5d717ebfd,ed16653277cc0ffaf06b69fd4a411b7c625faebed9130a83338e7e20e7d898b1
E:/projects/codex/aether/AgentJYS-main/tests/runtime/flows/test_postgres_periodic_budget.py,tests/runtime/flows/test_postgres_periodic_budget.py,纳入当前运行/Azure必需差异；实施前hash复核与限定同步,active_only_preserve,False,当前运行版本只读来源；不删除或移动该工作树,,be40fd21e7afba4e8d3c53a7ea31c3ab8e638b8c96836ff695fa904a46a5bc96
E:/projects/codex/aether/AgentJYS-main/tests/runtime/flows/test_postgres_telemetry_startup.py,tests/runtime/flows/test_postgres_telemetry_startup.py,纳入当前运行/Azure必需差异；实施前hash复核与限定同步,active_only_preserve,False,当前运行版本只读来源；不删除或移动该工作树,,e4708dfc7d121dd8238c0695611e686a36e144c557a3cb17f366beef27491c6c
E:/projects/codex/aether/AgentJYS-main/tests/runtime/flows/test_postgres_transaction_delivery.py,tests/runtime/flows/test_postgres_transaction_delivery.py,纳入当前运行/Azure必需差异；实施前hash复核与限定同步,active_only_preserve,False,当前运行版本只读来源；不删除或移动该工作树,,4077943d1b968f0e5454f37617233cd7147941d5d5b99ee4c98951c44676d30a
E:/projects/codex/aether/AgentJYS-main/tests/runtime/flows/test_remember_dedup.py,tests/runtime/flows/test_remember_dedup.py,纳入当前运行/Azure必需差异；实施前hash复核与限定同步,different_content_review,False,当前运行版本只读来源；不删除或移动该工作树,e925aa876f304eba16b86cc0235c77b3d26d38780850c4e8498b431a9d9dfe95,90facf2cd3232fb3c6ce4bcaff35b82ee6cb0a975c6b350ca3c2db5e7eb9e39c
E:/projects/codex/aether/AgentJYS-main/tests/runtime/flows/test_remember_lcm_complete.py,tests/runtime/flows/test_remember_lcm_complete.py,纳入当前运行/Azure必需差异；实施前hash复核与限定同步,different_content_review,False,当前运行版本只读来源；不删除或移动该工作树,e4318220c9b90c875aa229b870607b41accd73e447d8b4d87f070cf5e38bfa3a,00c52a48d4d7c8e5a485e16ded3f0032caa45234943de520ba177531f175781e
E:/projects/codex/aether/AgentJYS-main/tests/runtime/flows/test_remember_pipeline.py,tests/runtime/flows/test_remember_pipeline.py,纳入当前运行/Azure必需差异；实施前hash复核与限定同步,different_content_review,False,当前运行版本只读来源；不删除或移动该工作树,88582a5a613983f562b2aa2144d18951b2b9763b6ff7f2625d53592161a139fc,0f9cd38cc2baa7f7934e1ef477c1b511db46ff66ac9929ff637621136a3432b6
E:/projects/codex/aether/AgentJYS-main/tests/runtime/flows/test_remember_v3.py,tests/runtime/flows/test_remember_v3.py,纳入当前运行/Azure必需差异；实施前hash复核与限定同步,different_content_review,False,当前运行版本只读来源；不删除或移动该工作树,269b3cb6a8a59c05d79818b975a4d2ef9f469fcf5d466b609f00553018471fb1,6b6f8989b8f2ebd12a508c5a3a9bfbbfb0cef50a5c351ca26be9dd54834d92a1
E:/projects/codex/aether/AgentJYS-main/tests/runtime/flows/test_tenant_observability.py,tests/runtime/flows/test_tenant_observability.py,纳入当前运行/Azure必需差异；实施前hash复核与限定同步,different_content_review,False,当前运行版本只读来源；不删除或移动该工作树,0b3fa226c612991b58f3b2dd6b1a05ae8e732447b5e3de137f35e5620e2a1168,d0cc494bf05b80c39492567d3d137488c5b0d5d3d01d09ccd1f39dcc3df972c2
E:/projects/codex/aether/AgentJYS-main/tests/runtime/flows/test_working_summaries.py,tests/runtime/flows/test_working_summaries.py,纳入当前运行/Azure必需差异；实施前hash复核与限定同步,different_content_review,False,当前运行版本只读来源；不删除或移动该工作树,62e094881e81c981be0045f0491130cb3492fa0d8713b7e3e12fe239f8c06657,da3b1ab1173ae70897f2e68c9217f660aaaeb91603d34421d3f4d988dc1fa95d
E:/projects/codex/aether/AgentJYS-main/tests/runtime/native/test_async_native_postgres.py,tests/runtime/native/test_async_native_postgres.py,纳入当前运行/Azure必需差异；实施前hash复核与限定同步,active_only_preserve,False,当前运行版本只读来源；不删除或移动该工作树,,b0fd0c89fb6f48401bc4b778bcd9058c519fe2f1455c2f5ab7c9e995b32fea46
E:/projects/codex/aether/AgentJYS-main/tests/runtime/p3/test_storage_interfaces.py,tests/runtime/p3/test_storage_interfaces.py,纳入当前运行/Azure必需差异；实施前hash复核与限定同步,active_only_preserve,False,当前运行版本只读来源；不删除或移动该工作树,,f5c7e1f234970d83250a6de5f155ccf8b7f90d66881ee76a587bc75aed7fa6a5
E:/projects/codex/aether/AgentJYS-main/tests/runtime/temporal/process_worker.py,tests/runtime/temporal/process_worker.py,纳入当前运行/Azure必需差异；实施前hash复核与限定同步,different_content_review,False,当前运行版本只读来源；不删除或移动该工作树,85704ef84bdf7c6f396ff00357be64ddf431b4b5dbf5281f6a3492f362c800d3,ee6ce2b1273d8a5ddf8cbb4196dc0f08e213aecbde80a000c443ef6c9423fa6f
E:/projects/codex/aether/AgentJYS-main/tests/runtime/temporal/test_control_admission.py,tests/runtime/temporal/test_control_admission.py,纳入当前运行/Azure必需差异；实施前hash复核与限定同步,different_content_review,False,当前运行版本只读来源；不删除或移动该工作树,ed4e4f1fb81ecec3374c65cc55aebd6258fdbed41fa81d241d9604933dd3c0cc,20c3cc367d093940f3788dbef392ab56c2677c4a6e8b7944097c471aea116003
E:/projects/codex/aether/AgentJYS-main/tests/runtime/temporal/test_ingress.py,tests/runtime/temporal/test_ingress.py,纳入当前运行/Azure必需差异；实施前hash复核与限定同步,different_content_review,False,当前运行版本只读来源；不删除或移动该工作树,e59e85c9539d50ddf334a18542d1ae5a99dc3cf5f2b2d58ffaf254e177eb6f78,289201757d3b072363479896ad9fbd8cef911a975a01db0d7b2fd13a69506497
E:/projects/codex/aether/AgentJYS-main/tests/runtime/temporal/test_operate_workflow.py,tests/runtime/temporal/test_operate_workflow.py,纳入当前运行/Azure必需差异；实施前hash复核与限定同步,different_content_review,False,当前运行版本只读来源；不删除或移动该工作树,05545bb212de0bbc4f302e42499c9df9e6ecf2b8efc8e479bf8fb76f7e97ff25,cc6a608c1ec776241be787e62b59ab389cc2acbc9948d831b47d05923477a73d
E:/projects/codex/aether/AgentJYS-main/tests/runtime/temporal/test_periodic_workflow.py,tests/runtime/temporal/test_periodic_workflow.py,参考当前实现做限定合并/清理调整；按限定修改表，不整文件覆盖,different_content_review,True,当前运行版本只读来源；不删除或移动该工作树,7123df6e759d43a2b7a8f206b52aeb0e7389096819c682985afe726748519083,8ba73c0dba4d72678b0fec9383a38c996655938c2fd5c6eedf55c2a19c587723
E:/projects/codex/aether/AgentJYS-main/tests/runtime/temporal/test_pg_remote_workflow.py,tests/runtime/temporal/test_pg_remote_workflow.py,纳入当前运行/Azure必需差异；实施前hash复核与限定同步,active_only_preserve,False,当前运行版本只读来源；不删除或移动该工作树,,8f3541912823ac68fa31a187d2ffc99d1d2a7cd95f65dd7e55215a7bf0e48c39
E:/projects/codex/aether/AgentJYS-main/tests/runtime/temporal/test_remote_bodies.py,tests/runtime/temporal/test_remote_bodies.py,纳入当前运行/Azure必需差异；实施前hash复核与限定同步,active_only_preserve,False,当前运行版本只读来源；不删除或移动该工作树,,2c05f27fd893f1324e3b0fbcd9f4314bb7124514e2536c00cecfd5fd1f837b69
E:/projects/codex/aether/AgentJYS-main/tests/runtime/temporal/test_remote_input_store.py,tests/runtime/temporal/test_remote_input_store.py,纳入当前运行/Azure必需差异；实施前hash复核与限定同步,active_only_preserve,False,当前运行版本只读来源；不删除或移动该工作树,,465c1cb0238a7af09af8cd16d2e2190ee4d71f286d70b1a4ddf9066c5f766573
E:/projects/codex/aether/AgentJYS-main/tests/runtime/temporal/test_slow_metadata.py,tests/runtime/temporal/test_slow_metadata.py,纳入当前运行/Azure必需差异；实施前hash复核与限定同步,active_only_preserve,False,当前运行版本只读来源；不删除或移动该工作树,,3e92b3ef5dc22c06162f480f3be5da0f5db8e892bae75af2a43c23c2b84a258a
E:/projects/codex/aether/AgentJYS-main/tests/runtime/temporal/test_temporal_demos.py,tests/runtime/temporal/test_temporal_demos.py,纳入当前运行/Azure必需差异；实施前hash复核与限定同步,different_content_review,False,当前运行版本只读来源；不删除或移动该工作树,72e47bf50fa6a341d0f056c1f7fd75e78bb9d8d987a4436a68feebcab3148b54,bfc095a236a172aec83022e02ff6730a4e35b3b48e20729d5207f1d30dab7452
E:/projects/codex/aether/AgentJYS-main/tests/runtime/temporal/test_temporal_http.py,tests/runtime/temporal/test_temporal_http.py,纳入当前运行/Azure必需差异；实施前hash复核与限定同步,different_content_review,False,当前运行版本只读来源；不删除或移动该工作树,c0958eac5a5411f398373baba642b160a28ca54177b3ceeb99c6e1ce06d8de1a,a4e06ee9530c71cb436122545b38fd075afc2555353762780ca8c56448327194
E:/projects/codex/aether/AgentJYS-main/tests/runtime/temporal/test_temporal_service.py,tests/runtime/temporal/test_temporal_service.py,纳入当前运行/Azure必需差异；实施前hash复核与限定同步,different_content_review,False,当前运行版本只读来源；不删除或移动该工作树,509c480c74a2f9e419ec253160019e00d1ec9f9a82fcd5c2aec745c9cde8bf2d,c665e950b92635eb45c5a9aaa76b3f3b0374a31b60be0638e781ae79202d25c4
E:/projects/codex/aether/AgentJYS-main/tests/summary_demo_models.py,tests/summary_demo_models.py,纳入当前运行/Azure必需差异；实施前hash复核与限定同步,active_only_preserve,False,当前运行版本只读来源；不删除或移动该工作树,,1ca6268f992b733a21a62ca7eaad11234a2aad6dc57ea86ea3fac84edee95a09
E:/projects/codex/aether/AgentJYS-main/tests/temporal_test_support.py,tests/temporal_test_support.py,纳入当前运行/Azure必需差异；实施前hash复核与限定同步,different_content_review,False,当前运行版本只读来源；不删除或移动该工作树,1107cdcc8a6bf21df26efb637003aee7e3876a87d34d6e25a758dd2c4b785147,e49b0e9d0c204bd366a178f93d515054a0a6309bf1a2eeeade8ed7ca0139ea55
E:/projects/codex/aether/AgentJYS-main/tests/unit/p4_demo/registry_support.py,tests/unit/p4_demo/registry_support.py,纳入当前运行/Azure必需差异；实施前hash复核与限定同步,active_only_preserve,False,当前运行版本只读来源；不删除或移动该工作树,,199d7764a26f0e8b9e475ae9cdbb19ac9fd8a066c919105eaa4d714682bdc0e6
E:/projects/codex/aether/AgentJYS-main/tests/unit/p4_demo/support.py,tests/unit/p4_demo/support.py,纳入当前运行/Azure必需差异；实施前hash复核与限定同步,different_content_review,False,当前运行版本只读来源；不删除或移动该工作树,f092b652579fbe7eed4717c235b0d8c8c4cbf3d2036255dbc73df95043739f12,80a48f357ef074ea40e4a55a2c4c2ac52a95c76e426567566288ace6f7aadeed
E:/projects/codex/aether/AgentJYS-main/tests/unit/p4_demo/test_configuration.py,tests/unit/p4_demo/test_configuration.py,纳入当前运行/Azure必需差异；实施前hash复核与限定同步,different_content_review,False,当前运行版本只读来源；不删除或移动该工作树,8608b2bfa3789f8c9a04bd7ab36428539511382842bb91bd36e977a06c9a3a61,12b62191804cd9d784aad3ecf3e68aa125227194bb262a71b1ec45b8645cd4d7
E:/projects/codex/aether/AgentJYS-main/tests/unit/p4_demo/test_coverage.py,tests/unit/p4_demo/test_coverage.py,纳入当前运行/Azure必需差异；实施前hash复核与限定同步,different_content_review,False,当前运行版本只读来源；不删除或移动该工作树,3c7be74e8737a5691f58bcf4799fc1d0967aacb49edad215ecf518dd6c9cb4ac,8d3ac90370832a0b3f3cf8aba1ae1c689aaee72e44852ca8a05397f31d0e494e
E:/projects/codex/aether/AgentJYS-main/tests/unit/p4_demo/test_definition.py,tests/unit/p4_demo/test_definition.py,纳入当前运行/Azure必需差异；实施前hash复核与限定同步,active_only_preserve,False,当前运行版本只读来源；不删除或移动该工作树,,bd53c621129097114dd3932a21b8426a27ea31369982ed6589977c4dc48ef87b
E:/projects/codex/aether/AgentJYS-main/tests/unit/p4_demo/test_execution_state.py,tests/unit/p4_demo/test_execution_state.py,纳入当前运行/Azure必需差异；实施前hash复核与限定同步,active_only_preserve,False,当前运行版本只读来源；不删除或移动该工作树,,058174c9a87a68bd41f5cdb98d9e16e18be8683fb5274674aaea1a160e68eb87
E:/projects/codex/aether/AgentJYS-main/tests/unit/p4_demo/test_http.py,tests/unit/p4_demo/test_http.py,纳入当前运行/Azure必需差异；实施前hash复核与限定同步,different_content_review,False,当前运行版本只读来源；不删除或移动该工作树,91904cf0f3907a48ba170b36c0a46810f58608fe058d5e900109686e6b378b98,56eb1da6e141a4892f8a879d78a364a1df3819938fa1ac1047f626494241821d
E:/projects/codex/aether/AgentJYS-main/tests/unit/p4_demo/test_reconciliation.py,tests/unit/p4_demo/test_reconciliation.py,纳入当前运行/Azure必需差异；实施前hash复核与限定同步,active_only_preserve,False,当前运行版本只读来源；不删除或移动该工作树,,263ca4009f638d62a74d2ca3b979e0c56e7011e4736517f2669ea98217af2d83
E:/projects/codex/aether/AgentJYS-main/tests/unit/p4_demo/test_registry.py,tests/unit/p4_demo/test_registry.py,纳入当前运行/Azure必需差异；实施前hash复核与限定同步,active_only_preserve,False,当前运行版本只读来源；不删除或移动该工作树,,0a62ead04b8dcbe570fa0cd934b413ad7e018aadb972377155908de08aa2c404
E:/projects/codex/aether/AgentJYS-main/tests/unit/p4_demo/test_runner.py,tests/unit/p4_demo/test_runner.py,纳入当前运行/Azure必需差异；实施前hash复核与限定同步,different_content_review,False,当前运行版本只读来源；不删除或移动该工作树,cd7bf7ddc65b15807aa006f684d60a164c238385097b746deee7c37404d18a6a,88f7679675b9e95b3a37736dc6aaee3f25b825cf99244be1737459051ec1d114
E:/projects/codex/aether/AgentJYS-main/tests/unit/p4_demo/test_service.py,tests/unit/p4_demo/test_service.py,纳入当前运行/Azure必需差异；实施前hash复核与限定同步,different_content_review,False,当前运行版本只读来源；不删除或移动该工作树,b5a3eb767520452d048c67c748462f923895361eb02f73ab0a7f68dfbc8a4b11,01c78e468a5099a0f9dabe32edb86d0403bb04cd67d1ddd1a1bc0f2faa7a00ba
E:/projects/codex/aether/AgentJYS-main/tests/unit/p4_demo/test_story_diagnostics.py,tests/unit/p4_demo/test_story_diagnostics.py,纳入当前运行/Azure必需差异；实施前hash复核与限定同步,different_content_review,False,当前运行版本只读来源；不删除或移动该工作树,98313d9cb97f13958673bdc71972a1a7dbca5cff137c9905ff516abb9d736a36,f589ee84364d4fe7766fff34e5b164f8c01052d54f44364b91449f97a7df0044
E:/projects/codex/aether/AgentJYS-main/tests/unit/p4_demo/test_story_distill.py,tests/unit/p4_demo/test_story_distill.py,纳入当前运行/Azure必需差异；实施前hash复核与限定同步,different_content_review,False,当前运行版本只读来源；不删除或移动该工作树,df718158f7dc5b93f5d0bcf3958fe6843292121bdbb9ffa9a6cbff907057069c,6d76770b561d7f4a3ed5dca56e5bc64a2963ec40e7849266fdc4ee5524e5f5c5
E:/projects/codex/aether/AgentJYS-main/tests/unit/p4_demo/test_story_invalidation.py,tests/unit/p4_demo/test_story_invalidation.py,纳入当前运行/Azure必需差异；实施前hash复核与限定同步,different_content_review,False,当前运行版本只读来源；不删除或移动该工作树,e04c993e7cf1b47d87ec0d7e443a7b1938dc1a0aaaef0781d90d8c1dc9f7b884,193773d0f0fa95055d67e7ed4300ffbb5eac1e56f840807c886758f0e7df5d4c
E:/projects/codex/aether/AgentJYS-main/tests/unit/p4_demo/test_story_summary.py,tests/unit/p4_demo/test_story_summary.py,纳入当前运行/Azure必需差异；实施前hash复核与限定同步,different_content_review,False,当前运行版本只读来源；不删除或移动该工作树,db07794644dca8731bebb5a1a5764768f16a1ad5fd33e4e4d33e6e74c9273d91,f0a76ea243d442181699006b94c60239a30f269fd0a111765edb9900292b254d
E:/projects/codex/aether/AgentJYS-main/tests/unit/p4_validation/test_client_admission.py,tests/unit/p4_validation/test_client_admission.py,纳入当前运行/Azure必需差异；实施前hash复核与限定同步,active_only_preserve,False,当前运行版本只读来源；不删除或移动该工作树,,cc1f936028ae148fc5500e1e6297bcf7b2c2567cb05f0e00014d9016f28c68db
E:/projects/codex/aether/AgentJYS-main/tests/unit/p4_validation/test_client_inputs.py,tests/unit/p4_validation/test_client_inputs.py,纳入当前运行/Azure必需差异；实施前hash复核与限定同步,active_only_preserve,False,当前运行版本只读来源；不删除或移动该工作树,,77ee819e878f2224700da9bd4a37a4619967242171a8d520cbec5c39448008a6
E:/projects/codex/aether/AgentJYS-main/tests/unit/p4_validation/test_client_recoveries.py,tests/unit/p4_validation/test_client_recoveries.py,纳入当前运行/Azure必需差异；实施前hash复核与限定同步,active_only_preserve,False,当前运行版本只读来源；不删除或移动该工作树,,bc776be0c9a92267838a973008e3221dd7ce32b32cd56eebc3b1befb88dc38e6
E:/projects/codex/aether/AgentJYS-main/tests/unit/p4_validation/test_client_states.py,tests/unit/p4_validation/test_client_states.py,纳入当前运行/Azure必需差异；实施前hash复核与限定同步,active_only_preserve,False,当前运行版本只读来源；不删除或移动该工作树,,48857b71d3a472209c7235d3ea38ce1983b203e1e446a3e151884c8bf3bdff0f
E:/projects/codex/aether/AgentJYS-main/tests/unit/p4_validation/test_client_transfers.py,tests/unit/p4_validation/test_client_transfers.py,纳入当前运行/Azure必需差异；实施前hash复核与限定同步,active_only_preserve,False,当前运行版本只读来源；不删除或移动该工作树,,7acbc64be3c4ac119a90ff0ae4931ebc9b79afc80fff0c5c96686f3c5e499e65
E:/projects/codex/aether/AgentJYS-main/tests/unit/p4_validation/test_configured_probe_budget.py,tests/unit/p4_validation/test_configured_probe_budget.py,纳入当前运行/Azure必需差异；实施前hash复核与限定同步,active_only_preserve,False,当前运行版本只读来源；不删除或移动该工作树,,7a616d7922aebb1d418711ccb0005bdd440fffeafb1ae95b779bcce5234f8067
E:/projects/codex/aether/AgentJYS-main/tests/unit/p4_validation/test_mutation_lookup.py,tests/unit/p4_validation/test_mutation_lookup.py,纳入当前运行/Azure必需差异；实施前hash复核与限定同步,active_only_preserve,False,当前运行版本只读来源；不删除或移动该工作树,,b71ce06b29acb61bb16d822c9d37782be7d42bb7a542d7fc4d5f51b73d2335ee
E:/projects/codex/aether/AgentJYS-main/tests/unit/p4_validation/test_mutation_results.py,tests/unit/p4_validation/test_mutation_results.py,纳入当前运行/Azure必需差异；实施前hash复核与限定同步,active_only_preserve,False,当前运行版本只读来源；不删除或移动该工作树,,3366656e4a107fc1d716004c1e68bc5822d75a1a99311d463b0b318c09185552
E:/projects/codex/aether/AgentJYS-main/tests/unit/p4_validation/test_operation_lookup.py,tests/unit/p4_validation/test_operation_lookup.py,纳入当前运行/Azure必需差异；实施前hash复核与限定同步,active_only_preserve,False,当前运行版本只读来源；不删除或移动该工作树,,6fd3000baa460d78e216f4db44558e37cd4769e51dc16ac6e1cbec2245efb55a
E:/projects/codex/aether/AgentJYS-main/tests/unit/p4_validation/test_read_budget.py,tests/unit/p4_validation/test_read_budget.py,纳入当前运行/Azure必需差异；实施前hash复核与限定同步,active_only_preserve,False,当前运行版本只读来源；不删除或移动该工作树,,f7d2f131aa531d7daa22e7744c56eaa2fa19886416f66876647e6e1184115b50
E:/projects/codex/aether/AgentJYS-main/tests/unit/p4_validation/test_recovery_read_head.py,tests/unit/p4_validation/test_recovery_read_head.py,纳入当前运行/Azure必需差异；实施前hash复核与限定同步,active_only_preserve,False,当前运行版本只读来源；不删除或移动该工作树,,f31269454a9aafd2485d687d4de431c13e9c7b48943af5b491bb9ab806f5eac8
E:/projects/codex/aether/AgentJYS-main/tests/unit/p4_validation/test_request_binding.py,tests/unit/p4_validation/test_request_binding.py,纳入当前运行/Azure必需差异；实施前hash复核与限定同步,active_only_preserve,False,当前运行版本只读来源；不删除或移动该工作树,,1ab8bd9716bf6da6a3fa3e49cc47f66c12e7ee610d83ff037bcd50283f53d2eb
E:/projects/codex/aether/AgentJYS-main/tests/unit/p4_validation/test_request_confirmation.py,tests/unit/p4_validation/test_request_confirmation.py,纳入当前运行/Azure必需差异；实施前hash复核与限定同步,active_only_preserve,False,当前运行版本只读来源；不删除或移动该工作树,,a76212ac0ab7c0a33c49a4a15e9f2ad1d7ad53f5b6f870b70fd41f0d46f68b57
E:/projects/codex/aether/AgentJYS-main/tests/unit/test_app_settings.py,tests/unit/test_app_settings.py,废弃项不从参考来源导入；目标现有文件按删除清单处理,different_content_review,False,当前运行版本只读来源；不删除或移动该工作树,aac842b043b146c11eb3916e32a6524323ba11b8726f921b0d2ce7c7a4e2f66a,cd0209d7fdad003750bffca90752440a72a783027477afb6c0cdd75026b86a75
E:/projects/codex/aether/AgentJYS-main/tests/unit/test_b1_openvino_production_binding.py,tests/unit/test_b1_openvino_production_binding.py,废弃项不从参考来源导入；目标现有文件按删除清单处理,different_content_review,False,当前运行版本只读来源；不删除或移动该工作树,325a3614d50d937eaf6bb6f49fb14f1925b57e2be966103e1bfdbefe279c0d4e,3b5f7299163307c7fcbebd84ffca873895af2ea463d0aa5ebd7272b07d2075ad
E:/projects/codex/aether/AgentJYS-main/tests/unit/test_legacy_production_gate.py,tests/unit/test_legacy_production_gate.py,废弃项不从参考来源导入；目标现有文件按删除清单处理,active_only_preserve,False,当前运行版本只读来源；不删除或移动该工作树,,2d75dfb9c5b8d1552544482dd6d375f613d88acb55c80a3e7b868675c806cd0d
E:/projects/codex/aether/AgentJYS-main/tests/unit/test_local_milvus.py,tests/unit/test_local_milvus.py,纳入当前运行/Azure必需差异；实施前hash复核与限定同步,different_content_review,False,当前运行版本只读来源；不删除或移动该工作树,6a29c00771304b4fb04836c11e5ffed3e32a2f68f0faa92da30a4275a4e9ca93,63c2183e512326ee348892900e17d8932ba54b934e4d6c285dc7ddb4723ca170
E:/projects/codex/aether/AgentJYS-main/tests/unit/test_p2_client.py,tests/unit/test_p2_client.py,纳入当前运行/Azure必需差异；实施前hash复核与限定同步,different_content_review,False,当前运行版本只读来源；不删除或移动该工作树,02bd92ed90eab5ea19b1eb07cf50135711fed01491458c5b64ae752d4cd0069a,0e24218835d23f53efd6c3881ff91db2a84d200fc2daed82ce5ecf3c7089cb45
E:/projects/codex/aether/AgentJYS-main/web/Dockerfile,web/Dockerfile,纳入当前运行/Azure必需差异；实施前hash复核与限定同步,different_content_review,False,当前运行版本只读来源；不删除或移动该工作树,9c45646b539dcdd2970bb7e634b7b97a85993affbe8e5bc53846f5501807e56d,a5176ac9b19ee055dd8208389e7437d1c10a6a2e7bd45f47d10042db46380e50
E:/projects/codex/aether/AgentJYS-main/web/README.md,web/README.md,纳入当前运行/Azure必需差异；实施前hash复核与限定同步,different_content_review,False,当前运行版本只读来源；不删除或移动该工作树,c579f1f0c8dcbb4dae33ae1a72619f6fab612b1e816ac9f0529ae5003579690d,6bd5b7c0a2d03357f1afdc9d0bde9f67d382db447ddbd0d000cd9d8e2589795a
E:/projects/codex/aether/AgentJYS-main/web/nginx.conf,web/nginx.conf,纳入当前运行/Azure必需差异；实施前hash复核与限定同步,different_content_review,False,当前运行版本只读来源；不删除或移动该工作树,e71dab1f578ce3da276ef5a776ce1def5c307afd8635d73b867a39330a2f2cd9,5491ba381ed36a41f3663a0b5cd6dcd5da71bcd2694f73791bf9608f2d1e22c8
E:/projects/codex/aether/AgentJYS-main/web/nginx.p4-disabled.conf,web/nginx.p4-disabled.conf,纳入当前运行/Azure必需差异；实施前hash复核与限定同步,active_only_preserve,False,当前运行版本只读来源；不删除或移动该工作树,,2c2fea86b8d1ba258d976aeab712f3f8654e5d01ac9a0a6f53c32e885dc95907
E:/projects/codex/aether/AgentJYS-main/web/nginx.p4-local.conf,web/nginx.p4-local.conf,纳入当前运行/Azure必需差异；实施前hash复核与限定同步,active_only_preserve,False,当前运行版本只读来源；不删除或移动该工作树,,7a4e691b03f3e0fcb4333de2358569a6006fedb1181d12e769ffd00338aea39d
E:/projects/codex/aether/AgentJYS-main/web/package-lock.json,web/package-lock.json,纳入当前运行/Azure必需差异；实施前hash复核与限定同步,different_content_review,False,当前运行版本只读来源；不删除或移动该工作树,50b06b892efca687aa0c6235ed3f59ba32577b694a28d4d5b86ee42a4d159633,884699d3fed0b8bf5adf4a1a5aaff831973f5bc7661d8b5a59646d6e78cee15b
E:/projects/codex/aether/AgentJYS-main/web/package.json,web/package.json,纳入当前运行/Azure必需差异；实施前hash复核与限定同步,different_content_review,False,当前运行版本只读来源；不删除或移动该工作树,f77d827eaf183afa1658b77e92e81683994186fafe701c0195472639ba470fee,3c43fbf2ae1dafed18565e26f768ec95f64d773190f95941eda4fb3273115f37
E:/projects/codex/aether/AgentJYS-main/web/src/demo/DemoPage.test.tsx,web/src/demo/DemoPage.test.tsx,纳入当前运行/Azure必需差异；实施前hash复核与限定同步,different_content_review,False,当前运行版本只读来源；不删除或移动该工作树,367c2865caea173a952c1b8bece1ced5ef2a2b87f8687ec4178105cef0b24645,779bb818425f87dd5c6e698b4c17210b4c70750886880795a61bacf7c08e791e
E:/projects/codex/aether/AgentJYS-main/web/src/demo/DemoPage.tsx,web/src/demo/DemoPage.tsx,纳入当前运行/Azure必需差异；实施前hash复核与限定同步,different_content_review,False,当前运行版本只读来源；不删除或移动该工作树,a99e140515c5dbdf6529264b013889212c7b552b9289e485840ddaa9c98204c7,bb4595b13d144c7cd39a76782ad05fc345e5218d2e961b53be1ae6041e2bd561
E:/projects/codex/aether/AgentJYS-main/web/src/demo/api.test.ts,web/src/demo/api.test.ts,纳入当前运行/Azure必需差异；实施前hash复核与限定同步,different_content_review,False,当前运行版本只读来源；不删除或移动该工作树,2dbfe76aa7bdf538dfc4a5ca1b5290c777b0072937739be3184dcfe3ef3ab63a,d68cd69cb7407742ebb621f2235244d80947510fd144a2cd759416383248c523
E:/projects/codex/aether/AgentJYS-main/web/src/demo/api.ts,web/src/demo/api.ts,纳入当前运行/Azure必需差异；实施前hash复核与限定同步,different_content_review,False,当前运行版本只读来源；不删除或移动该工作树,1e9d4517ec0defecc9fec07a87ac59b4c0cfe68487ad01197ed161d3b2a62292,ba19f28efe45f736636def61c9bf7cac400cd0f591f036145e1db8a7328aadd2
E:/projects/codex/aether/AgentJYS-main/web/src/demo/budgets.test.ts,web/src/demo/budgets.test.ts,纳入当前运行/Azure必需差异；实施前hash复核与限定同步,active_only_preserve,False,当前运行版本只读来源；不删除或移动该工作树,,6354c906660dd0f560e9036db801c117dc075b9d3d60116d62d670c8b937a1b0
E:/projects/codex/aether/AgentJYS-main/web/src/demo/budgets.ts,web/src/demo/budgets.ts,纳入当前运行/Azure必需差异；实施前hash复核与限定同步,active_only_preserve,False,当前运行版本只读来源；不删除或移动该工作树,,b1f565334f87d2a6c90de85e3cee31277118a95896048add3333ba5ab36b869a
