absolute_target,path,action,remove_or_replace,must_preserve,consumer_or_target,main_edit_guard
E:/projects/codex/aether/AgentJYS-main/src/aether_agent_memory/__init__.py,src/aether_agent_memory/__init__.py,只做清理必需修改,所有退休b1 pipeline/b2/b3/Context/Mock/Settings lazy导出,仍被P2/core/contracts使用的模型；只保留有真实消费者的导出,包公开入口/contract tests,实施前重算hash/状态；发现新编辑停止该项；不整文件覆盖主目录独有改动
E:/projects/codex/aether/AgentJYS-main/src/aether_agent_memory/runtime/__init__.py,src/aether_agent_memory/runtime/__init__.py,只做清理必需修改,MemoryRuntime/P3Runtime/RequestContext及旧status/errors导出,当前contracts/flows/Temporal模块入口,tests和安装入口,实施前重算hash/状态；发现新编辑停止该项；不整文件覆盖主目录独有改动
E:/projects/codex/aether/AgentJYS-main/src/aether_agent_memory/b1/__init__.py,src/aether_agent_memory/b1/__init__.py,只做清理必需修改,pipeline/FastEmbedClient eager导入,EmbeddingRecord等仍有效的P2合同模型,p2/client.py、p2/vectors.py,实施前重算hash/状态；发现新编辑停止该项；不整文件覆盖主目录独有改动
E:/projects/codex/aether/AgentJYS-main/src/aether_agent_memory/mocks/__init__.py,src/aether_agent_memory/mocks/__init__.py,只做清理必需修改,旧MockEmbedding/MockStorage/BaseMock lazy导出,mocks/recall.py所需canonical契约double,契约测试；真实业务禁止替代provider,实施前重算hash/状态；发现新编辑停止该项；不整文件覆盖主目录独有改动
E:/projects/codex/aether/AgentJYS-main/src/aether_agent_memory/runtime/capability_store.py,src/aether_agent_memory/runtime/capability_store.py,只做清理必需修改,_SQLiteTransaction、SQLiteCapabilityStore及sqlite3/RLock具体实现,RecordTransaction、AtomicRecordStore协议原语义,recall/P2协议；foundation/transactions.py、storage/ports.py,实施前重算hash/状态；发现新编辑停止该项；不整文件覆盖主目录独有改动
E:/projects/codex/aether/AgentJYS-main/src/aether_agent_memory/runtime/foundation/transactions.py,src/aether_agent_memory/runtime/foundation/transactions.py,只做清理必需修改,无；接收通用_guard/_active/native,原StorageTransaction的scope/CAS/cursor/abort/commit语义,替代foundation/storage.py通用成员,实施前重算hash/状态；发现新编辑停止该项；不整文件覆盖主目录独有改动
E:/projects/codex/aether/AgentJYS-main/src/aether_agent_memory/runtime/foundation/telemetry.py,src/aether_agent_memory/runtime/foundation/telemetry.py,只做清理必需修改,SQLite连接/DDL/connect/reader/prune/_write/traces/page具体实现,Node/summary/SAFE_FIELDS、trace/span/脱敏/observed、共享emit；抽象后端边界与PostgresTelemetry实现,PostgresTelemetry和所有observed调用,实施前重算hash/状态；发现新编辑停止该项；不整文件覆盖主目录独有改动
E:/projects/codex/aether/AgentJYS-main/src/aether_agent_memory/runtime/vector_backend.py,src/aether_agent_memory/runtime/vector_backend.py,只做清理必需修改,SQLiteVectorStore可写参考类和SPACE参考默认值,MilvusConnection、TLS/shape检查、生命周期；SQLiteVectorStore.ref其实是共有RecordRef转换，迁为独立projection_ref再供Milvus调用,"projection/search拥有者：保留RecordRef(owner=Remember,memory_id,scope)原语义",实施前重算hash/状态；发现新编辑停止该项；不整文件覆盖主目录独有改动
E:/projects/codex/aether/AgentJYS-main/src/aether_agent_memory/recall/basic/vector_search.py,src/aether_agent_memory/recall/basic/vector_search.py,只做清理必需修改,SQLiteVectorSearch及基类导入；Milvus里的SQLiteVectorStore.ref调用改共有projection_ref,MilvusVectorSearch、SearchAccess、作用域和期限检查,真实Milvus及current P2合同；共用RecordRef转换不能删失,实施前重算hash/状态；发现新编辑停止该项；不整文件覆盖主目录独有改动
E:/projects/codex/aether/AgentJYS-main/src/aether_agent_memory/remember/basic/projection.py,src/aether_agent_memory/remember/basic/projection.py,只做清理必需修改,SQLiteProjection及基类导入；Milvus.guard里的SQLiteVectorStore.ref调用改共有projection_ref,MilvusProjection、ProjectionAccess、projection_target/删除栅栏,真实Milvus和P2 vectors；共用RecordRef转换不能删失,实施前重算hash/状态；发现新编辑停止该项；不整文件覆盖主目录独有改动
E:/projects/codex/aether/AgentJYS-main/src/aether_agent_memory/runtime/flows/vector_adapters.py,src/aether_agent_memory/runtime/flows/vector_adapters.py,只做清理必需修改,SQLiteVectors与两侧SQLite导入,VectorBackend与MilvusVectors的capability边界,当前Azure和P2装配,实施前重算hash/状态；发现新编辑停止该项；不整文件覆盖主目录独有改动
E:/projects/codex/aether/AgentJYS-main/src/aether_agent_memory/runtime/foundation/host.py,src/aether_agent_memory/runtime/foundation/host.py,只做清理必需修改,无DSN就创建SQLiteUnitOfWork/Telemetry的默认分支,显式PG或匹配外部uow+telemetry装配；构造失败清理与离线迁移验证,全部测试夹具转Azure PG；配置不足立即拒绝,实施前重算hash/状态；发现新编辑停止该项；不整文件覆盖主目录独有改动
E:/projects/codex/aether/AgentJYS-main/src/aether_agent_memory/runtime/flows/host.py,src/aether_agent_memory/runtime/flows/host.py,只做清理必需修改,SQLiteVectors/SQLiteGenerationSearch/LocalCacheExecutor/LexicalEmbedding默认分支,现部署Azure providers、原stage/恢复/授权/guard、显式P2接口注入,必须有metadata/object/vector/cache/native绑定；参考默认路径退出,实施前重算hash/状态；发现新编辑停止该项；不整文件覆盖主目录独有改动
E:/projects/codex/aether/AgentJYS-main/src/aether_agent_memory/remember/local.py,src/aether_agent_memory/remember/local.py,只做清理必需修改,SQLiteP2/LexicalEmbedding默认分支,create_runtime/RememberFactory当前Azure装配入口与body provider binding,缺少provider立即拒绝，保留工厂文件不按local名称误删,实施前重算hash/状态；发现新编辑停止该项；不整文件覆盖主目录独有改动
E:/projects/codex/aether/AgentJYS-main/src/aether_agent_memory/runtime/flows/routes.py,src/aether_agent_memory/runtime/flows/routes.py,只做清理必需修改,SQLiteP2类型分支和本地对象读取假设,当前Source range/对象binding/授权/hash语义,Ceph远端SourceInput和恢复,实施前重算hash/状态；发现新编辑停止该项；不整文件覆盖主目录独有改动
E:/projects/codex/aether/AgentJYS-main/src/aether_agent_memory/runtime/flows/health.py,src/aether_agent_memory/runtime/flows/health.py,只做清理必需修改,sqlite_probe和默认SQLite文件探测,Health/Probe及真实PG/Redis/Milvus/Ceph/Temporal预算和状态规则,缺配置not-ready，无隐式回退,实施前重算hash/状态；发现新编辑停止该项；不整文件覆盖主目录独有改动
E:/projects/codex/aether/AgentJYS-main/src/aether_agent_memory/runtime/foundation/lifecycle.py,src/aether_agent_memory/runtime/foundation/lifecycle.py,只做清理必需修改,只适用SQLite的在线backup/restore与可写快照步骤,配置history/fingerprint/授权；离线旧快照inspect/digest；PG恢复必须pg_dump/pg_restore独立目标,清理不新增在线PG恢复功能；测试与运行文档提供明确离线步骤,实施前重算hash/状态；发现新编辑停止该项；不整文件覆盖主目录独有改动
E:/projects/codex/aether/AgentJYS-main/src/aether_agent_memory/operate/basic/cache_port.py,src/aether_agent_memory/operate/basic/cache_port.py,只做清理必需修改,无；接收CacheCapacityError,CacheCopy及缓存port定义,operate/basic/service.py、storage/redis_executor.py异常类型一致,实施前重算hash/状态；发现新编辑停止该项；不整文件覆盖主目录独有改动
E:/projects/codex/aether/AgentJYS-main/src/aether_agent_memory/operate/basic/service.py,src/aether_agent_memory/operate/basic/service.py,只做清理必需修改,从旧executor导入CacheCapacityError,同一个容量错误类型及原业务映射,改为cache_port导入,实施前重算hash/状态；发现新编辑停止该项；不整文件覆盖主目录独有改动
E:/projects/codex/aether/AgentJYS-main/src/aether_agent_memory/runtime/storage/redis_executor.py,src/aether_agent_memory/runtime/storage/redis_executor.py,只做清理必需修改,从旧executor导入CacheCapacityError,同一个容量错误类型及原业务映射,改为cache_port导入,实施前重算hash/状态；发现新编辑停止该项；不整文件覆盖主目录独有改动
E:/projects/codex/aether/AgentJYS-main/src/aether_agent_memory/runtime/flows/config.py,src/aether_agent_memory/runtime/flows/config.py,只做清理必需修改,reference SQLite metadata默认值/旧配置选择作为部署捷径,Azure complete bundle/TLS/identity、生产模型约束；P2合同与engine源码,current_p2+reference组合退出部署入口；P2接口验证改为显式Azure PG测试装配；production_p2完整事务port仍保留，未验证不宣称支持生产,实施前重算hash/状态；发现新编辑停止该项；不整文件覆盖主目录独有改动
E:/projects/codex/aether/AgentJYS-main/src/aether_agent_memory/runtime/flows/cli.py,src/aether_agent_memory/runtime/flows/cli.py,只做清理必需修改,init生成current_p2+reference配置,serve/check-config及外部凭据不覆盖约束,默认文档引导复制Azure模板到外部部署目录并注入配置；保留有效P2客户端/协议,实施前重算hash/状态；发现新编辑停止该项；不整文件覆盖主目录独有改动
E:/projects/codex/aether/AgentJYS-main/pyproject.toml,pyproject.toml,只做清理必需修改,celery与退休aether-workers/b1-sidecar/dashboard/install/dataset scripts、仅旧工具使用的extras,Python3.13、Temporal SDK pin、真实PG/Redis/Milvus/Ceph、native模型、dev工具,依赖与console scripts逐项查引用；不能删除当前embedding-onnx/OpenVINO支持或真实可选文档依赖,实施前重算hash/状态；发现新编辑停止该项；不整文件覆盖主目录独有改动
E:/projects/codex/aether/AgentJYS-main/Makefile,Makefile,只做清理必需修改,旧demo/demo-tui/up/dashboard/down默认compose入口,proto/engine和当前P3构建；测试入口派发AKS正式门禁,删除旧脚本后全部命令指向当前统一服务；不修改用户外部启停脚本,实施前重算hash/状态；发现新编辑停止该项；不整文件覆盖主目录独有改动
E:/projects/codex/aether/AgentJYS-main/README.md,README.md,只做清理必需修改,旧app/Celery/Sidecar/旧compose有效入口,当前源码说明、本机/Azure配置分界、数据库迁移/恢复、有效接口合同链接,正式入口指向当前Dockerfile.p3、deploy/vm或deploy/azure,实施前重算hash/状态；发现新编辑停止该项；不整文件覆盖主目录独有改动
E:/projects/codex/aether/AgentJYS-main/compose.p3.yaml,compose.p3.yaml,只做清理必需修改,现行模板内temporal-dev参考SQLite service/profile及其新建参考volume声明,P3/Web/current P2 engine所需模板；已存在运行volume完全不操作,正式本机启动仍复用外部持久化Temporal Compose；AKS测试使用隔离测试Temporal单独标识,实施前重算hash/状态；发现新编辑停止该项；不整文件覆盖主目录独有改动
E:/projects/codex/aether/AgentJYS-main/compose.production.yaml,compose.production.yaml,只做清理必需修改,仅清除旧根compose评论引用,standalone统一服务、secret注入、只读deployment和digest约束,deploy/vm/compose.yaml不是根compose.yaml，保留,实施前重算hash/状态；发现新编辑停止该项；不整文件覆盖主目录独有改动
E:/projects/codex/aether/AgentJYS-main/tests/component_configuration.py,tests/component_configuration.py,只做清理必需修改,参考SQLite默认metadata与profile捷径,用于受控故障边界的测试配置，显式PG/provider注入,全部保留测试使用新Azure PG/test resources fixture,实施前重算hash/状态；发现新编辑停止该项；不整文件覆盖主目录独有改动
E:/projects/codex/aether/AgentJYS-main/tests/conftest.py,tests/conftest.py,只做清理必需修改,业务夹具隐式SQLite；默认skip真实后端；仅测试Temporal必须独立标识,session test-owned进程/namespace、准确失败/退出/回收,AKS测试PG schema/Redis prefix/Milvus collection/Ceph prefix全部本次唯一；禁止public清库/flushdb,实施前重算hash/状态；发现新编辑停止该项；不整文件覆盖主目录独有改动
E:/projects/codex/aether/AgentJYS-main/tests/azure_storage_support.py,tests/azure_storage_support.py,只做清理必需修改,未显式fixture登记的清理前缀/默认skip,TLS/server-name校验、fixture-own prefix删除、不触碰其他记录,P3_REQUIRE_*强制；证据下载后回收本次资源,实施前重算hash/状态；发现新编辑停止该项；不整文件覆盖主目录独有改动
E:/projects/codex/aether/AgentJYS-main/tests/runtime/flows/remember_helpers.py,tests/runtime/flows/remember_helpers.py,只做清理必需修改,reference默认ThreeFlows/create_runtime、旧warm/cold替身结果,全部仍有效的Remember/Recall/Operate断言,业务fixture注入真实Azure provider；warm/cold标不支持且不伪造PASS,实施前重算hash/状态；发现新编辑停止该项；不整文件覆盖主目录独有改动
E:/projects/codex/aether/AgentJYS-main/tests/runtime/flows/test_flows.py,tests/runtime/flows/test_flows.py,只做清理必需修改,reference默认ThreeFlows/create_runtime、旧warm/cold替身结果,全部仍有效的Remember/Recall/Operate断言,业务fixture注入真实Azure provider；warm/cold标不支持且不伪造PASS,实施前重算hash/状态；发现新编辑停止该项；不整文件覆盖主目录独有改动
E:/projects/codex/aether/AgentJYS-main/tests/runtime/flows/test_postgres_observability.py,tests/runtime/flows/test_postgres_observability.py,只做清理必需修改,主目录DROP public全部表fixture；默认skip,四个原断言；按每例随机schema隔离、finally只回收本fixture schema,本轮AKS基线已经用外部fixture调用原断言；实施后正式写入测试源码,实施前重算hash/状态；发现新编辑停止该项；不整文件覆盖主目录独有改动
E:/projects/codex/aether/AgentJYS-main/.github/workflows/ci.yml,.github/workflows/ci.yml,只做清理必需修改,旧全量pytest服务容器/本地reference装配入口,Ruff/Mypy/Web/engine检查及现行Temporal/P3有效回归；保留失败/退出状态,业务测试由明确AKS runner/Job派发；未配Azure CI身份不能自动绿灯；不提交/触发外部CI或修改远程,实施前重算hash/状态；发现新编辑停止该项；不整文件覆盖主目录独有改动
E:/projects/codex/aether/AgentJYS-main/.github/workflows/p3-flows.yml,.github/workflows/p3-flows.yml,只做清理必需修改,旧全量pytest服务容器/本地reference装配入口,Ruff/Mypy/Web/engine检查及现行Temporal/P3有效回归；保留失败/退出状态,业务测试由明确AKS runner/Job派发；未配Azure CI身份不能自动绿灯；不提交/触发外部CI或修改远程,实施前重算hash/状态；发现新编辑停止该项；不整文件覆盖主目录独有改动
E:/projects/codex/aether/AgentJYS-main/.github/workflows/p3-temporal.yml,.github/workflows/p3-temporal.yml,只做清理必需修改,旧全量pytest服务容器/本地reference装配入口,Ruff/Mypy/Web/engine检查及现行Temporal/P3有效回归；保留失败/退出状态,业务测试由明确AKS runner/Job派发；未配Azure CI身份不能自动绿灯；不提交/触发外部CI或修改远程,实施前重算hash/状态；发现新编辑停止该项；不整文件覆盖主目录独有改动
E:/projects/codex/aether/AgentJYS-main/scripts/p3/demo_foundation.py,scripts/p3/demo_foundation.py,仅迁移当前运行工具的后端装配,验证/demo工具的reference默认装配,有效场景、报告/恢复约束和显式测试入口,在AKS测试配置中显式注入PG和四后端；本机启动脚本保持原位原内容,实施前重算hash/状态；发现新编辑停止该项；不整文件覆盖主目录独有改动
E:/projects/codex/aether/AgentJYS-main/scripts/p3/validate_native_http.py,scripts/p3/validate_native_http.py,仅迁移当前运行工具的后端装配,验证/demo工具的reference默认装配,有效场景、报告/恢复约束和显式测试入口,在AKS测试配置中显式注入PG和四后端；本机启动脚本保持原位原内容,实施前重算hash/状态；发现新编辑停止该项；不整文件覆盖主目录独有改动
E:/projects/codex/aether/AgentJYS-main/src/aether_agent_memory/runtime/temporal/periodic.py,src/aether_agent_memory/runtime/temporal/periodic.py,保护主目录独有改动并显式合并,仅语义适配当前MetadataTransaction与异步实现，不覆盖主目录独有段落,主目录+13行cadence守卫、+83行回归的全部语义,逐块三方合并；快照/hash/guard测试,实施前重算hash/状态；发现新编辑停止该项；不整文件覆盖主目录独有改动
E:/projects/codex/aether/AgentJYS-main/tests/runtime/temporal/test_periodic_workflow.py,tests/runtime/temporal/test_periodic_workflow.py,保护主目录独有改动并显式合并,仅语义适配当前MetadataTransaction与异步实现，不覆盖主目录独有段落,主目录+13行cadence守卫、+83行回归的全部语义,逐块三方合并；快照/hash/guard测试,实施前重算hash/状态；发现新编辑停止该项；不整文件覆盖主目录独有改动
E:/projects/codex/aether/AgentJYS-main/src/aether_agent_memory/operate/basic/continuous.py,src/aether_agent_memory/operate/basic/continuous.py,仅迁移共用事务边界导入,MetadataTransaction/MetadataUnitOfWork/_active/business_write_guard/native从退休storage模块导入,接口/事务guard和原实现语义,Metadata*→runtime/storage/ports.py；guard/native→foundation/transactions.py,实施前重算hash/状态；发现新编辑停止该项；不整文件覆盖主目录独有改动
E:/projects/codex/aether/AgentJYS-main/src/aether_agent_memory/operate/basic/maintenance.py,src/aether_agent_memory/operate/basic/maintenance.py,仅迁移共用事务边界导入,MetadataTransaction/MetadataUnitOfWork/_active/business_write_guard/native从退休storage模块导入,接口/事务guard和原实现语义,Metadata*→runtime/storage/ports.py；guard/native→foundation/transactions.py,实施前重算hash/状态；发现新编辑停止该项；不整文件覆盖主目录独有改动
E:/projects/codex/aether/AgentJYS-main/src/aether_agent_memory/recall/basic/assembly.py,src/aether_agent_memory/recall/basic/assembly.py,仅迁移共用事务边界导入,MetadataTransaction/MetadataUnitOfWork/_active/business_write_guard/native从退休storage模块导入,接口/事务guard和原实现语义,Metadata*→runtime/storage/ports.py；guard/native→foundation/transactions.py,实施前重算hash/状态；发现新编辑停止该项；不整文件覆盖主目录独有改动
E:/projects/codex/aether/AgentJYS-main/src/aether_agent_memory/recall/basic/candidates.py,src/aether_agent_memory/recall/basic/candidates.py,仅迁移共用事务边界导入,MetadataTransaction/MetadataUnitOfWork/_active/business_write_guard/native从退休storage模块导入,接口/事务guard和原实现语义,Metadata*→runtime/storage/ports.py；guard/native→foundation/transactions.py,实施前重算hash/状态；发现新编辑停止该项；不整文件覆盖主目录独有改动
E:/projects/codex/aether/AgentJYS-main/src/aether_agent_memory/recall/basic/retrievers.py,src/aether_agent_memory/recall/basic/retrievers.py,仅迁移共用事务边界导入,MetadataTransaction/MetadataUnitOfWork/_active/business_write_guard/native从退休storage模块导入,接口/事务guard和原实现语义,Metadata*→runtime/storage/ports.py；guard/native→foundation/transactions.py,实施前重算hash/状态；发现新编辑停止该项；不整文件覆盖主目录独有改动
E:/projects/codex/aether/AgentJYS-main/src/aether_agent_memory/recall/basic/service.py,src/aether_agent_memory/recall/basic/service.py,仅迁移共用事务边界导入,MetadataTransaction/MetadataUnitOfWork/_active/business_write_guard/native从退休storage模块导入,接口/事务guard和原实现语义,Metadata*→runtime/storage/ports.py；guard/native→foundation/transactions.py,实施前重算hash/状态；发现新编辑停止该项；不整文件覆盖主目录独有改动
E:/projects/codex/aether/AgentJYS-main/src/aether_agent_memory/recall/embedding/p3.py,src/aether_agent_memory/recall/embedding/p3.py,仅迁移共用事务边界导入,MetadataTransaction/MetadataUnitOfWork/_active/business_write_guard/native从退休storage模块导入,接口/事务guard和原实现语义,Metadata*→runtime/storage/ports.py；guard/native→foundation/transactions.py,实施前重算hash/状态；发现新编辑停止该项；不整文件覆盖主目录独有改动
E:/projects/codex/aether/AgentJYS-main/src/aether_agent_memory/remember/basic/boundary.py,src/aether_agent_memory/remember/basic/boundary.py,仅迁移共用事务边界导入,MetadataTransaction/MetadataUnitOfWork/_active/business_write_guard/native从退休storage模块导入,接口/事务guard和原实现语义,Metadata*→runtime/storage/ports.py；guard/native→foundation/transactions.py,实施前重算hash/状态；发现新编辑停止该项；不整文件覆盖主目录独有改动
E:/projects/codex/aether/AgentJYS-main/src/aether_agent_memory/remember/basic/eligibility.py,src/aether_agent_memory/remember/basic/eligibility.py,仅迁移共用事务边界导入,MetadataTransaction/MetadataUnitOfWork/_active/business_write_guard/native从退休storage模块导入,接口/事务guard和原实现语义,Metadata*→runtime/storage/ports.py；guard/native→foundation/transactions.py,实施前重算hash/状态；发现新编辑停止该项；不整文件覆盖主目录独有改动
E:/projects/codex/aether/AgentJYS-main/src/aether_agent_memory/remember/basic/pipeline.py,src/aether_agent_memory/remember/basic/pipeline.py,仅迁移共用事务边界导入,MetadataTransaction/MetadataUnitOfWork/_active/business_write_guard/native从退休storage模块导入,接口/事务guard和原实现语义,Metadata*→runtime/storage/ports.py；guard/native→foundation/transactions.py,实施前重算hash/状态；发现新编辑停止该项；不整文件覆盖主目录独有改动
E:/projects/codex/aether/AgentJYS-main/src/aether_agent_memory/remember/basic/records.py,src/aether_agent_memory/remember/basic/records.py,仅迁移共用事务边界导入,MetadataTransaction/MetadataUnitOfWork/_active/business_write_guard/native从退休storage模块导入,接口/事务guard和原实现语义,Metadata*→runtime/storage/ports.py；guard/native→foundation/transactions.py,实施前重算hash/状态；发现新编辑停止该项；不整文件覆盖主目录独有改动
E:/projects/codex/aether/AgentJYS-main/src/aether_agent_memory/remember/basic/reflection.py,src/aether_agent_memory/remember/basic/reflection.py,仅迁移共用事务边界导入,MetadataTransaction/MetadataUnitOfWork/_active/business_write_guard/native从退休storage模块导入,接口/事务guard和原实现语义,Metadata*→runtime/storage/ports.py；guard/native→foundation/transactions.py,实施前重算hash/状态；发现新编辑停止该项；不整文件覆盖主目录独有改动
E:/projects/codex/aether/AgentJYS-main/src/aether_agent_memory/remember/basic/retention.py,src/aether_agent_memory/remember/basic/retention.py,仅迁移共用事务边界导入,MetadataTransaction/MetadataUnitOfWork/_active/business_write_guard/native从退休storage模块导入,接口/事务guard和原实现语义,Metadata*→runtime/storage/ports.py；guard/native→foundation/transactions.py,实施前重算hash/状态；发现新编辑停止该项；不整文件覆盖主目录独有改动
E:/projects/codex/aether/AgentJYS-main/src/aether_agent_memory/remember/basic/service.py,src/aether_agent_memory/remember/basic/service.py,仅迁移共用事务边界导入,MetadataTransaction/MetadataUnitOfWork/_active/business_write_guard/native从退休storage模块导入,接口/事务guard和原实现语义,Metadata*→runtime/storage/ports.py；guard/native→foundation/transactions.py,实施前重算hash/状态；发现新编辑停止该项；不整文件覆盖主目录独有改动
E:/projects/codex/aether/AgentJYS-main/src/aether_agent_memory/remember/basic/temporal_stages.py,src/aether_agent_memory/remember/basic/temporal_stages.py,仅迁移共用事务边界导入,MetadataTransaction/MetadataUnitOfWork/_active/business_write_guard/native从退休storage模块导入,接口/事务guard和原实现语义,Metadata*→runtime/storage/ports.py；guard/native→foundation/transactions.py,实施前重算hash/状态；发现新编辑停止该项；不整文件覆盖主目录独有改动
E:/projects/codex/aether/AgentJYS-main/src/aether_agent_memory/runtime/foundation/diagnostics.py,src/aether_agent_memory/runtime/foundation/diagnostics.py,仅迁移共用事务边界导入,MetadataTransaction/MetadataUnitOfWork/_active/business_write_guard/native从退休storage模块导入,接口/事务guard和原实现语义,Metadata*→runtime/storage/ports.py；guard/native→foundation/transactions.py,实施前重算hash/状态；发现新编辑停止该项；不整文件覆盖主目录独有改动
E:/projects/codex/aether/AgentJYS-main/src/aether_agent_memory/runtime/foundation/disposition.py,src/aether_agent_memory/runtime/foundation/disposition.py,仅迁移共用事务边界导入,MetadataTransaction/MetadataUnitOfWork/_active/business_write_guard/native从退休storage模块导入,接口/事务guard和原实现语义,Metadata*→runtime/storage/ports.py；guard/native→foundation/transactions.py,实施前重算hash/状态；发现新编辑停止该项；不整文件覆盖主目录独有改动
E:/projects/codex/aether/AgentJYS-main/src/aether_agent_memory/runtime/foundation/events.py,src/aether_agent_memory/runtime/foundation/events.py,仅迁移共用事务边界导入,MetadataTransaction/MetadataUnitOfWork/_active/business_write_guard/native从退休storage模块导入,接口/事务guard和原实现语义,Metadata*→runtime/storage/ports.py；guard/native→foundation/transactions.py,实施前重算hash/状态；发现新编辑停止该项；不整文件覆盖主目录独有改动
E:/projects/codex/aether/AgentJYS-main/src/aether_agent_memory/runtime/foundation/identity.py,src/aether_agent_memory/runtime/foundation/identity.py,仅迁移共用事务边界导入,MetadataTransaction/MetadataUnitOfWork/_active/business_write_guard/native从退休storage模块导入,接口/事务guard和原实现语义,Metadata*→runtime/storage/ports.py；guard/native→foundation/transactions.py,实施前重算hash/状态；发现新编辑停止该项；不整文件覆盖主目录独有改动
E:/projects/codex/aether/AgentJYS-main/src/aether_agent_memory/runtime/foundation/monitoring.py,src/aether_agent_memory/runtime/foundation/monitoring.py,仅迁移共用事务边界导入,MetadataTransaction/MetadataUnitOfWork/_active/business_write_guard/native从退休storage模块导入,接口/事务guard和原实现语义,Metadata*→runtime/storage/ports.py；guard/native→foundation/transactions.py,实施前重算hash/状态；发现新编辑停止该项；不整文件覆盖主目录独有改动
E:/projects/codex/aether/AgentJYS-main/src/aether_agent_memory/runtime/foundation/postgres.py,src/aether_agent_memory/runtime/foundation/postgres.py,仅迁移共用事务边界导入,MetadataTransaction/MetadataUnitOfWork/_active/business_write_guard/native从退休storage模块导入,接口/事务guard和原实现语义,Metadata*→runtime/storage/ports.py；guard/native→foundation/transactions.py,实施前重算hash/状态；发现新编辑停止该项；不整文件覆盖主目录独有改动
E:/projects/codex/aether/AgentJYS-main/src/aether_agent_memory/runtime/foundation/requests.py,src/aether_agent_memory/runtime/foundation/requests.py,仅迁移共用事务边界导入,MetadataTransaction/MetadataUnitOfWork/_active/business_write_guard/native从退休storage模块导入,接口/事务guard和原实现语义,Metadata*→runtime/storage/ports.py；guard/native→foundation/transactions.py,实施前重算hash/状态；发现新编辑停止该项；不整文件覆盖主目录独有改动
E:/projects/codex/aether/AgentJYS-main/src/aether_agent_memory/runtime/foundation/sample.py,src/aether_agent_memory/runtime/foundation/sample.py,仅迁移共用事务边界导入,MetadataTransaction/MetadataUnitOfWork/_active/business_write_guard/native从退休storage模块导入,接口/事务guard和原实现语义,Metadata*→runtime/storage/ports.py；guard/native→foundation/transactions.py,实施前重算hash/状态；发现新编辑停止该项；不整文件覆盖主目录独有改动
E:/projects/codex/aether/AgentJYS-main/src/aether_agent_memory/runtime/foundation/task_progress.py,src/aether_agent_memory/runtime/foundation/task_progress.py,仅迁移共用事务边界导入,MetadataTransaction/MetadataUnitOfWork/_active/business_write_guard/native从退休storage模块导入,接口/事务guard和原实现语义,Metadata*→runtime/storage/ports.py；guard/native→foundation/transactions.py,实施前重算hash/状态；发现新编辑停止该项；不整文件覆盖主目录独有改动
E:/projects/codex/aether/AgentJYS-main/src/aether_agent_memory/runtime/foundation/tasks.py,src/aether_agent_memory/runtime/foundation/tasks.py,仅迁移共用事务边界导入,MetadataTransaction/MetadataUnitOfWork/_active/business_write_guard/native从退休storage模块导入,接口/事务guard和原实现语义,Metadata*→runtime/storage/ports.py；guard/native→foundation/transactions.py,实施前重算hash/状态；发现新编辑停止该项；不整文件覆盖主目录独有改动
E:/projects/codex/aether/AgentJYS-main/src/aether_agent_memory/runtime/temporal/activities.py,src/aether_agent_memory/runtime/temporal/activities.py,仅迁移共用事务边界导入,MetadataTransaction/MetadataUnitOfWork/_active/business_write_guard/native从退休storage模块导入,接口/事务guard和原实现语义,Metadata*→runtime/storage/ports.py；guard/native→foundation/transactions.py,实施前重算hash/状态；发现新编辑停止该项；不整文件覆盖主目录独有改动
E:/projects/codex/aether/AgentJYS-main/src/aether_agent_memory/runtime/temporal/controls.py,src/aether_agent_memory/runtime/temporal/controls.py,仅迁移共用事务边界导入,MetadataTransaction/MetadataUnitOfWork/_active/business_write_guard/native从退休storage模块导入,接口/事务guard和原实现语义,Metadata*→runtime/storage/ports.py；guard/native→foundation/transactions.py,实施前重算hash/状态；发现新编辑停止该项；不整文件覆盖主目录独有改动
E:/projects/codex/aether/AgentJYS-main/src/aether_agent_memory/runtime/temporal/events.py,src/aether_agent_memory/runtime/temporal/events.py,仅迁移共用事务边界导入,MetadataTransaction/MetadataUnitOfWork/_active/business_write_guard/native从退休storage模块导入,接口/事务guard和原实现语义,Metadata*→runtime/storage/ports.py；guard/native→foundation/transactions.py,实施前重算hash/状态；发现新编辑停止该项；不整文件覆盖主目录独有改动
E:/projects/codex/aether/AgentJYS-main/src/aether_agent_memory/runtime/temporal/gateway.py,src/aether_agent_memory/runtime/temporal/gateway.py,仅迁移共用事务边界导入,MetadataTransaction/MetadataUnitOfWork/_active/business_write_guard/native从退休storage模块导入,接口/事务guard和原实现语义,Metadata*→runtime/storage/ports.py；guard/native→foundation/transactions.py,实施前重算hash/状态；发现新编辑停止该项；不整文件覆盖主目录独有改动
E:/projects/codex/aether/AgentJYS-main/src/aether_agent_memory/runtime/temporal/ingress.py,src/aether_agent_memory/runtime/temporal/ingress.py,仅迁移共用事务边界导入,MetadataTransaction/MetadataUnitOfWork/_active/business_write_guard/native从退休storage模块导入,接口/事务guard和原实现语义,Metadata*→runtime/storage/ports.py；guard/native→foundation/transactions.py,实施前重算hash/状态；发现新编辑停止该项；不整文件覆盖主目录独有改动
E:/projects/codex/aether/AgentJYS-main/src/aether_agent_memory/runtime/temporal/ledger.py,src/aether_agent_memory/runtime/temporal/ledger.py,仅迁移共用事务边界导入,MetadataTransaction/MetadataUnitOfWork/_active/business_write_guard/native从退休storage模块导入,接口/事务guard和原实现语义,Metadata*→runtime/storage/ports.py；guard/native→foundation/transactions.py,实施前重算hash/状态；发现新编辑停止该项；不整文件覆盖主目录独有改动
E:/projects/codex/aether/AgentJYS-main/src/aether_agent_memory/runtime/temporal/projections.py,src/aether_agent_memory/runtime/temporal/projections.py,仅迁移共用事务边界导入,MetadataTransaction/MetadataUnitOfWork/_active/business_write_guard/native从退休storage模块导入,接口/事务guard和原实现语义,Metadata*→runtime/storage/ports.py；guard/native→foundation/transactions.py,实施前重算hash/状态；发现新编辑停止该项；不整文件覆盖主目录独有改动
E:/projects/codex/aether/AgentJYS-main/src/aether_agent_memory/runtime/temporal/service.py,src/aether_agent_memory/runtime/temporal/service.py,仅迁移共用事务边界导入,MetadataTransaction/MetadataUnitOfWork/_active/business_write_guard/native从退休storage模块导入,接口/事务guard和原实现语义,Metadata*→runtime/storage/ports.py；guard/native→foundation/transactions.py,实施前重算hash/状态；发现新编辑停止该项；不整文件覆盖主目录独有改动
