absolute_target,id,path,home_present,decision,specific_action,original_functions,effective_assertions,migration_targets,acceptance,home_sha256
E:/projects/codex/aether/AgentJYS-main/tests/integration/test_p3_closed_loop.py,TEST-001,tests/integration/test_p3_closed_loop.py,True,随退休实现删除对应旧测试,随退休实现整文件删除；有效横向断言按本表迁移,test_mock_p3_closed_loop,旧接口路径/Mock输出形状/独立Sidecar-Celery装配不保留；仍有效的授权、版本、TTL、故障保护和回执约束迁至下列当前门禁，不声称新旧产品接口等同。,tests/unit/recall/test_native_embedding.py；tests/runtime/flows/test_azure_vector_contract.py::test_real_projection_replay_environment_isolation_and_reconstruction; tests/runtime/flows/test_azure_vector_contract.py::test_real_search_filters_source_and_scope_and_rejects_corrupt_payload；tests/runtime/flows/test_azure_process_business.py::test_real_http_restarts_original_job_then_corrects_and_deletes,在AKS执行迁移后的保留测试；真实业务验收禁止SQLite/隐式本地回退与skip。确定性故障注入仍须独立标记。,61452c83278cf3b51227e3544cff1b40d77623b595850ab709477d03575ef33b
E:/projects/codex/aether/AgentJYS-main/tests/integration/test_tui_four_scenarios.py,TEST-002,tests/integration/test_tui_four_scenarios.py,True,随退休实现删除对应旧测试,随退休实现整文件删除；有效横向断言按本表迁移,test_tui_completes_four_documented_application_scenarios,旧接口路径/Mock输出形状/独立Sidecar-Celery装配不保留；仍有效的授权、版本、TTL、故障保护和回执约束迁至下列当前门禁，不声称新旧产品接口等同。,tests/unit/recall/test_native_embedding.py；tests/runtime/flows/test_azure_vector_contract.py::test_real_projection_replay_environment_isolation_and_reconstruction; tests/runtime/flows/test_azure_vector_contract.py::test_real_search_filters_source_and_scope_and_rejects_corrupt_payload；tests/runtime/flows/test_azure_process_business.py::test_real_http_restarts_original_job_then_corrects_and_deletes,在AKS执行迁移后的保留测试；真实业务验收禁止SQLite/隐式本地回退与skip。确定性故障注入仍须独立标记。,e1a402291320ebe43d61c195f1ad5b9bfc37bd3aeec617755f54e706872fc643
E:/projects/codex/aether/AgentJYS-main/tests/integration/test_unified_flow_smoke.py,TEST-003,tests/integration/test_unified_flow_smoke.py,True,随退休实现删除对应旧测试,随退休实现整文件删除；有效横向断言按本表迁移,test_unified_flow_smoke_emits_each_critical_node,旧接口路径/Mock输出形状/独立Sidecar-Celery装配不保留；仍有效的授权、版本、TTL、故障保护和回执约束迁至下列当前门禁，不声称新旧产品接口等同。,tests/unit/recall/test_native_embedding.py；tests/runtime/flows/test_azure_vector_contract.py::test_real_projection_replay_environment_isolation_and_reconstruction; tests/runtime/flows/test_azure_vector_contract.py::test_real_search_filters_source_and_scope_and_rejects_corrupt_payload；tests/runtime/flows/test_azure_process_business.py::test_real_http_restarts_original_job_then_corrects_and_deletes,在AKS执行迁移后的保留测试；真实业务验收禁止SQLite/隐式本地回退与skip。确定性故障注入仍须独立标记。,f67e18741c4ae016b37dd97673869822aff7c464fd5138e0d18ee60ff43282fb
E:/projects/codex/aether/AgentJYS-main/tests/runtime/flows/test_milvus_adapter.py,TEST-004,tests/runtime/flows/test_milvus_adapter.py,True,保留当前测试，仅迁移兼容导入或夹具,当前测试保留；迁移到当前Milvus owner导入与真实后端夹具,test_lost_upsert_response_reconciles_original_target; test_delete_requires_absence_and_tombstone_blocks_old_projection; test_milvus_scope_filter_and_second_authorization_check; test_milvus_source_predicate_filters_before_top_k_and_keeps_legacy_long_term; test_changed_vector_cannot_overwrite_projection; test_dimension_mismatch_rejected_before_remote_write; test_existing_collection_with_wrong_shape_is_rejected,MilvusVectors 导入从兼容模块改到 runtime/flows/vector_adapters.py；projection_target 从 remember/basic/projection.py 导入；binding/shape/scope断言保留。,tests/runtime/flows/test_milvus_adapter.py；tests/runtime/flows/test_azure_vector_contract.py::test_real_projection_replay_environment_isolation_and_reconstruction; tests/runtime/flows/test_azure_vector_contract.py::test_real_search_filters_source_and_scope_and_rejects_corrupt_payload,在AKS执行迁移后的保留测试；真实业务验收禁止SQLite/隐式本地回退与skip。确定性故障注入仍须独立标记。,d163fb6a7f0ad0ba60d916ee9ed2b71c1c611db2a02e284593360557505c15c3
E:/projects/codex/aether/AgentJYS-main/tests/runtime/flows/test_remember_pipeline.py,TEST-005,tests/runtime/flows/test_remember_pipeline.py,True,保留当前测试，仅迁移兼容导入或夹具,当前测试保留；移除Celery专属段落并迁移夹具,test_reference_storage_and_long_event_chunk_manifest; test_threshold_zero_output_and_timer; test_direct_semantic_and_duplicate_preserves_both_sources; test_same_words_do_not_collapse_distinct_event_occurrences; test_archive_working_preserves_fact_and_correction_blocks_archived_derivative; test_request_timeout_does_not_become_background_deadline; test_compression_ratio_and_independent_quality_gate; test_p2_failure_never_returns_saved_and_verified_read_repairs_replica; test_redis_full_body_quota_hash_and_delete; test_conflict_is_atomic_context_group_and_invalidates_old_pack; test_delete_every_chunk_and_tombstone_late_write; test_unicode_token_chunks_cover_every_character; test_celery_outbox_failure_retains_work_and_sends_only_task_id; test_explicit_review_creates_semantic_without_overwriting_episode; test_partial_batch_invalidation_reschedules_valid_input; test_batch_model_inputs_are_bounded_and_evidence_offsets_stay_original; test_qualified_artifact_used_with_original_fallback,删除 test_celery_outbox_failure_retains_work_and_sends_only_task_id 的Broker形状；原待发工作保留与仅传ID的边界改由Temporal start intent/历史脱敏门禁验证。其他Remember断言保留。,tests/runtime/flows/test_remember_pipeline.py；tests/runtime/temporal/test_bridge.py::test_start_ack_loss_reuses_execution; tests/runtime/temporal/test_bridge.py::test_terminal_tombstone_prevents_start_after_history_removal; tests/runtime/temporal/test_bridge.py::test_acknowledged_run_missing_does_not_start_new_execution；tests/runtime/temporal/test_task_workflow.py::test_activity_failure_history_has_no_secret_payload,在AKS执行迁移后的保留测试；真实业务验收禁止SQLite/隐式本地回退与skip。确定性故障注入仍须独立标记。,88582a5a613983f562b2aa2144d18951b2b9763b6ff7f2625d53592161a139fc
E:/projects/codex/aether/AgentJYS-main/tests/runtime/flows/test_working_provider_wiring.py,TEST-006,tests/runtime/flows/test_working_provider_wiring.py,True,保留当前测试，仅迁移兼容导入或夹具,当前测试保留；迁移到当前Milvus owner导入与真实后端夹具,test_generation_bootstrap_requires_index_readiness_provider; test_generation_bootstrap_still_requires_body_and_model_contracts; test_injected_milvus_working_projection_and_recall_use_same_backend,MilvusVectors 导入从兼容模块改到 runtime/flows/vector_adapters.py；projection_target 从 remember/basic/projection.py 导入；binding/shape/scope断言保留。,tests/runtime/flows/test_working_provider_wiring.py；tests/runtime/flows/test_azure_vector_contract.py::test_real_projection_replay_environment_isolation_and_reconstruction; tests/runtime/flows/test_azure_vector_contract.py::test_real_search_filters_source_and_scope_and_rejects_corrupt_payload,在AKS执行迁移后的保留测试；真实业务验收禁止SQLite/隐式本地回退与skip。确定性故障注入仍须独立标记。,c25d24a7d53de41a65e1efab0aea946d0bd724d781819930518465a463852f1b
E:/projects/codex/aether/AgentJYS-main/tests/unit/recall/test_architecture.py,TEST-007,tests/unit/recall/test_architecture.py,True,保留当前测试，仅删除旧路径兼容参数用例,保留canonical架构门禁；仅删除旧路径参数组,test_recall_imports_only_canonical_modules; test_flow_runs_with_legacy_packages_blocked; test_legacy_paths_export_canonical_implementations,保留 test_recall_imports_only_canonical_modules 和 test_flow_runs_with_legacy_packages_blocked；删除 test_legacy_paths_export_canonical_implementations。,tests/unit/recall/test_architecture.py,在AKS执行迁移后的保留测试；真实业务验收禁止SQLite/隐式本地回退与skip。确定性故障注入仍须独立标记。,53584604851fcd998ba7647297a6f7d12b1c5039d9ef8c8c0fb785ea3430ce22
E:/projects/codex/aether/AgentJYS-main/tests/unit/recall/test_contracts.py,TEST-008,tests/unit/recall/test_contracts.py,True,迁移有效断言后删除旧测试或删除旧段落,原文件保留；仅移除旧 RequestContext/require_agent_scope 段落,test_first_batch_field_manifest_matches_static_models; test_required_nullable_scope_and_project_roundtrip; test_byte_ranges_are_strict; test_jcs_range_and_binding_digest_rules; test_search_does_not_claim_completion_or_compatibility_from_empty_hits; test_metadata_evidence_is_not_part_of_metadata_hash,64字段清单、nullable project、ByteRange、JCS、绑定摘要和完成证据断言全部保留；scope project 直接验证 canonical Scope 往返。,tests/unit/recall/test_contracts.py；tests/runtime/p3/test_foundation.py::test_cross_user_and_cross_tenant_queries_rejected; tests/runtime/p3/test_foundation.py::test_identity_forgery_scope_selector_and_revocation,在AKS执行迁移后的保留测试；真实业务验收禁止SQLite/隐式本地回退与skip。确定性故障注入仍须独立标记。,e2c895f35ecad2bf6359f90dd0f482ff14ed650e7f726486994a29888067afd4
E:/projects/codex/aether/AgentJYS-main/tests/unit/recall/test_native_embedding.py,TEST-009,tests/unit/recall/test_native_embedding.py,True,迁移有效断言后删除旧测试或删除旧段落,原文件保留；只删除 test_legacy_backend_module_is_the_canonical_implementation,test_native_formats_usage_normalizes_and_saves_evidence; test_native_rejects_unmatched_deployment_binding; test_native_checks_hash_prefix_and_special_tokens_before_compute; test_native_rejects_invalid_vectors_without_retry; test_cancelled_attachment_keeps_native_slot_until_kernel_finishes; test_deadline_during_inference_does_not_publish_evidence; test_loading_requires_actual_dimension_and_weight_digest; test_legacy_backend_module_is_the_canonical_implementation,保留真实模型绑定、token、deadline、取消、槽位和拒绝错误向量断言。,tests/unit/recall/test_native_embedding.py；tests/runtime/native/test_async_native_postgres.py,在AKS执行迁移后的保留测试；真实业务验收禁止SQLite/隐式本地回退与skip。确定性故障注入仍须独立标记。,675360771287ac02ebfe753b136c04535fa7cebb0c871038703431c85538b496
E:/projects/codex/aether/AgentJYS-main/tests/unit/recall/test_provider.py,TEST-010,tests/unit/recall/test_provider.py,True,迁移有效断言后删除旧测试或删除旧段落,原文件保留；删除退休 Sidecar 专属段落并替换持久夹具,test_simulator_lost_ack_query_visibility_and_delete_barrier; test_provider_result_cannot_map_ack_to_ready; test_sidecar_adapter_binds_actual_response_and_preserves_input; test_python_metadata_retains_proto_optional_presence; test_raw_object_read_preserves_metadata_and_legacy_bytes,保留 provider ACK 不等于 READY、proto 可选字段、原始对象元数据、删除栅栏和丢响应回查；SQLiteCapabilityStore 夹具改隔离 PG。,tests/unit/recall/test_provider.py；tests/runtime/flows/test_azure_vector_contract.py::test_real_projection_replay_environment_isolation_and_reconstruction; tests/runtime/flows/test_azure_vector_contract.py::test_real_search_filters_source_and_scope_and_rejects_corrupt_payload；tests/runtime/flows/test_azure_process_business.py::test_real_http_restarts_original_job_then_corrects_and_deletes,在AKS执行迁移后的保留测试；真实业务验收禁止SQLite/隐式本地回退与skip。确定性故障注入仍须独立标记。,49a41e08c9d383890382ffbd5edd9476e607042da93643619ab2edd440958572
E:/projects/codex/aether/AgentJYS-main/tests/unit/test_access_trace.py,TEST-011,tests/unit/test_access_trace.py,True,迁移有效断言后删除旧测试或删除旧段落,迁移有效断言后删除旧适配器测试,test_access_trace_adapter_accepts_a_result_set_in_one_call; test_empty_access_trace_batch_is_a_noop; test_single_record_preserves_scope_and_identifiers; test_batch_prefers_record_many_without_single_calls; test_legacy_batch_records_each_trace_exactly_once; test_failed_batch_is_not_replayed_after_partial_write; test_legacy_batch_continues_after_one_failed_trace; test_telemetry_failure_is_best_effort; test_recall_keeps_business_result_and_telemetry_scope,保留批量trace不重复、scope/identifier保持、日志故障不影响业务；旧 AccessTraceAdapter 的形状和 fallback 调用次数退出。,tests/runtime/flows/test_postgres_observability.py::test_tenant_logs_trace_restart_and_no_sqlite; tests/runtime/flows/test_postgres_observability.py::test_retention_and_log_failure_does_not_rollback_business；tests/runtime/flows/test_tenant_observability.py,在AKS执行迁移后的保留测试；真实业务验收禁止SQLite/隐式本地回退与skip。确定性故障注入仍须独立标记。,5357314331f19a8c74ea2c26862978fe57c3b8decd4078e6a53747690d86d143
E:/projects/codex/aether/AgentJYS-main/tests/unit/test_action_log.py,TEST-012,tests/unit/test_action_log.py,True,迁移有效断言后删除旧测试或删除旧段落,迁移有效断言后删除旧日志测试,test_redis_action_log_persists_entries; test_redis_action_log_isolates_scoped_objects_without_exposing_scope; test_runtime_persist_action_log_best_effort; test_runtime_persist_action_log_skips_without_store,保留回执持久重开、跨scope不可读、日志故障不回滚业务；原 RedisActionLog 退出。,tests/runtime/flows/test_azure_cache_executor.py::test_repair_lost_response_can_be_queried_with_original_receipt; tests/runtime/flows/test_azure_cache_executor.py::test_purge_during_remote_copy_prevents_late_publication；tests/runtime/flows/test_postgres_observability.py::test_tenant_logs_trace_restart_and_no_sqlite; tests/runtime/flows/test_postgres_observability.py::test_retention_and_log_failure_does_not_rollback_business,在AKS执行迁移后的保留测试；真实业务验收禁止SQLite/隐式本地回退与skip。确定性故障注入仍须独立标记。,b2ef79aa35dbc0ce75e7931c79561cf5e4e2f99d5bdf46d2ca113fe655d07344
E:/projects/codex/aether/AgentJYS-main/tests/unit/test_app_contract.py,TEST-013,tests/unit/test_app_contract.py,True,随退休实现删除对应旧测试,随退休实现整文件删除；有效横向断言按本表迁移,test_openapi_exposes_northbound_paths; test_projection_reconcile_route_is_wired_to_runtime; test_value_error_maps_to_422_not_500; test_demo_disabled_returns_404; test_flows_and_schedules_read_contract; test_unknown_route_is_not_found; test_context_catalog_routes_use_runtime_and_preserve_scope; test_retrieval_trace_can_be_read_with_scope; test_resource_registration_creates_p3_owned_context_resource; test_skill_registration_creates_agent_context_skill; test_session_routes_commit_archive_into_context_catalog; test_create_app_uses_passed_settings_not_environment; test_app_and_api_routers_do_not_use_legacy_runtime_client; test_p3_service_is_compatibility_wrapper; test_container_entrypoints_use_application_host,旧接口路径/Mock输出形状/独立Sidecar-Celery装配不保留；仍有效的授权、版本、TTL、故障保护和回执约束迁至下列当前门禁，不声称新旧产品接口等同。,tests/runtime/flows/test_azure_storage_configuration.py::test_azure_configuration_rejects_incomplete_bundle; tests/runtime/flows/test_azure_storage_configuration.py::test_azure_configuration_rejects_reference_or_p2_mixture；tests/runtime/flows/test_http.py::test_http_uses_shared_services_auth_scoping_and_health; tests/runtime/flows/test_http.py::test_http_worker_runs_queued_tasks_and_stops_on_shutdown；tests/contracts/p3/test_contracts.py,在AKS执行迁移后的保留测试；真实业务验收禁止SQLite/隐式本地回退与skip。确定性故障注入仍须独立标记。,5de5db4aeae4064af28f3c77a2811291a627847272f5d550878365ec3d12def6
E:/projects/codex/aether/AgentJYS-main/tests/unit/test_app_settings.py,TEST-014,tests/unit/test_app_settings.py,True,随退休实现删除对应旧测试,随退休实现整文件删除；有效横向断言按本表迁移,test_production_rejects_demo; test_production_requires_real_b1; test_legacy_production_is_retired_even_with_configured_dependencies; test_production_requires_redis_even_with_sqlite_memory_store; test_production_rejects_sqlite_memory_store_with_redis_configured; test_demo_and_integration_do_not_require_b1; test_profile_normalization; test_profile_reads_from_environment; test_production_gate_fails_closed_via_environment; test_safe_status_does_not_leak_secrets; test_retrieval_trace_retention_reads_from_environment; test_retrieval_trace_retention_must_be_positive; test_context_facts_are_persistent_unless_ttl_is_explicit; test_context_reindex_bounds_read_from_environment,旧接口路径/Mock输出形状/独立Sidecar-Celery装配不保留；仍有效的授权、版本、TTL、故障保护和回执约束迁至下列当前门禁，不声称新旧产品接口等同。,tests/runtime/flows/test_azure_storage_configuration.py::test_azure_configuration_rejects_incomplete_bundle; tests/runtime/flows/test_azure_storage_configuration.py::test_azure_configuration_rejects_reference_or_p2_mixture；tests/runtime/flows/test_http.py::test_http_uses_shared_services_auth_scoping_and_health; tests/runtime/flows/test_http.py::test_http_worker_runs_queued_tasks_and_stops_on_shutdown；tests/contracts/p3/test_contracts.py,在AKS执行迁移后的保留测试；真实业务验收禁止SQLite/隐式本地回退与skip。确定性故障注入仍须独立标记。,aac842b043b146c11eb3916e32a6524323ba11b8726f921b0d2ce7c7a4e2f66a
E:/projects/codex/aether/AgentJYS-main/tests/unit/test_architecture_layers.py,TEST-015,tests/unit/test_architecture_layers.py,True,迁移有效断言后删除旧测试或删除旧段落,迁到当前边界门禁后删除旧路径测试,test_api_layer_does_not_import_concrete_infrastructure_clients; test_application_layer_does_not_import_concrete_adapters_or_clients; test_core_memory_does_not_import_provider_implementations; test_production_adapters_do_not_read_environment_directly; test_b2_memory_service_depends_on_context_builder_protocol; test_retrieval_context_builder_depends_on_port_not_mock_builder; test_runtime_dependencies_use_explicit_store_ports; test_runtime_ports_use_typed_boundary_dtos; test_b3_candidate_logic_lives_outside_http_api_layer,把禁止HTTP引用具体基础设施、领域只依赖port、provider显式配置门禁改到 runtime/flows、contracts、storage；原 b2/b3/api 层路径断言删除。,tests/unit/recall/test_architecture.py；tests/runtime/p3/test_storage_interfaces.py；新目标 tests/runtime/flows/test_current_architecture.py,在AKS执行迁移后的保留测试；真实业务验收禁止SQLite/隐式本地回退与skip。确定性故障注入仍须独立标记。,7ea145cfdc5b8b133e8fa698ef360f82dee0602273457c4b89a47dd9bfcb5f54
E:/projects/codex/aether/AgentJYS-main/tests/unit/test_b1_backends.py,TEST-016,tests/unit/test_b1_backends.py,True,迁移有效断言后删除旧测试或删除旧段落,有效断言迁到 tests/unit/recall/test_backends.py 后删除旧文件,test_openvino_async_infer_queue_merges_micro_batches_in_order; test_openvino_loads_existing_int8_ir_without_requantizing,2个 OpenVINO 批次顺序/已有 INT8 模型不重新量化用例原样迁移，只改 canonical import；仍是受控引擎边界测试。,新目标 tests/unit/recall/test_backends.py；tests/unit/recall/test_native_embedding.py,在AKS执行迁移后的保留测试；真实业务验收禁止SQLite/隐式本地回退与skip。确定性故障注入仍须独立标记。,d0276377db988f9688048922086fc1f1e7d48d05c38e99982e1cb04f8b522183
E:/projects/codex/aether/AgentJYS-main/tests/unit/test_b1_batching.py,TEST-017,tests/unit/test_b1_batching.py,True,随退休实现删除对应旧测试,随退休实现整文件删除；有效横向断言按本表迁移,test_scheduler_batches_across_submitters_by_max_items; test_scheduler_flushes_on_token_limit_and_preserves_order; test_scheduler_flushes_single_job_on_max_wait; test_scheduler_single_request_can_process_immediately_by_item_limit; test_scheduler_uses_length_and_input_type_buckets_without_starvation; test_scheduler_queue_full_and_backend_exception_unblock_futures; test_scheduler_timeout_cancellation_and_shutdown_do_not_leave_futures_hanging; test_sidecar_dynamic_batches_concurrent_requests_and_keeps_input_types,旧接口路径/Mock输出形状/独立Sidecar-Celery装配不保留；仍有效的授权、版本、TTL、故障保护和回执约束迁至下列当前门禁，不声称新旧产品接口等同。,tests/unit/recall/test_native_embedding.py；tests/runtime/flows/test_azure_vector_contract.py::test_real_projection_replay_environment_isolation_and_reconstruction; tests/runtime/flows/test_azure_vector_contract.py::test_real_search_filters_source_and_scope_and_rejects_corrupt_payload；tests/runtime/flows/test_azure_process_business.py::test_real_http_restarts_original_job_then_corrects_and_deletes,在AKS执行迁移后的保留测试；真实业务验收禁止SQLite/隐式本地回退与skip。确定性故障注入仍须独立标记。,023d963b2b364c1117ad7860528b769c21792170389e907177b383294e684ac8
E:/projects/codex/aether/AgentJYS-main/tests/unit/test_b1_dataset_runner.py,TEST-018,tests/unit/test_b1_dataset_runner.py,True,随退休实现删除对应旧测试,随退休实现整文件删除；有效横向断言按本表迁移,test_reads_json_array_and_items_wrapper; test_reads_jsonl_csv_tsv_and_detects_extensions; test_rejects_unknown_extension_and_non_object_jsonl,旧接口路径/Mock输出形状/独立Sidecar-Celery装配不保留；仍有效的授权、版本、TTL、故障保护和回执约束迁至下列当前门禁，不声称新旧产品接口等同。,tests/unit/recall/test_native_embedding.py；tests/runtime/flows/test_azure_vector_contract.py::test_real_projection_replay_environment_isolation_and_reconstruction; tests/runtime/flows/test_azure_vector_contract.py::test_real_search_filters_source_and_scope_and_rejects_corrupt_payload；tests/runtime/flows/test_azure_process_business.py::test_real_http_restarts_original_job_then_corrects_and_deletes,在AKS执行迁移后的保留测试；真实业务验收禁止SQLite/隐式本地回退与skip。确定性故障注入仍须独立标记。,75ea417965bcc688e54b1fdb24cdd00fa478c44970a17f3088629fd5df6bb033
E:/projects/codex/aether/AgentJYS-main/tests/unit/test_b1_openvino_production_binding.py,TEST-019,tests/unit/test_b1_openvino_production_binding.py,True,随退休实现删除对应旧测试,随退休实现整文件删除；有效横向断言按本表迁移,test_dockerfile_can_build_b1_with_openvino_runtime; test_component_compose_binds_b1_to_openvino_int8_without_fallback,旧接口路径/Mock输出形状/独立Sidecar-Celery装配不保留；仍有效的授权、版本、TTL、故障保护和回执约束迁至下列当前门禁，不声称新旧产品接口等同。,tests/unit/recall/test_native_embedding.py；tests/runtime/flows/test_azure_vector_contract.py::test_real_projection_replay_environment_isolation_and_reconstruction; tests/runtime/flows/test_azure_vector_contract.py::test_real_search_filters_source_and_scope_and_rejects_corrupt_payload；tests/runtime/flows/test_azure_process_business.py::test_real_http_restarts_original_job_then_corrects_and_deletes,在AKS执行迁移后的保留测试；真实业务验收禁止SQLite/隐式本地回退与skip。确定性故障注入仍须独立标记。,325a3614d50d937eaf6bb6f49fb14f1925b57e2be966103e1bfdbefe279c0d4e
E:/projects/codex/aether/AgentJYS-main/tests/unit/test_b1_pipeline.py,TEST-020,tests/unit/test_b1_pipeline.py,True,随退休实现删除对应旧测试,随退休实现整文件删除；有效横向断言按本表迁移,test_pipeline_chunks_embeds_and_upserts_with_traceability; test_pipeline_fail_open_returns_structured_error; test_pipeline_uses_explicit_chunk_id_for_prechunked_text; test_chunker_rejects_invalid_overlap,旧接口路径/Mock输出形状/独立Sidecar-Celery装配不保留；仍有效的授权、版本、TTL、故障保护和回执约束迁至下列当前门禁，不声称新旧产品接口等同。,tests/unit/recall/test_native_embedding.py；tests/runtime/flows/test_azure_vector_contract.py::test_real_projection_replay_environment_isolation_and_reconstruction; tests/runtime/flows/test_azure_vector_contract.py::test_real_search_filters_source_and_scope_and_rejects_corrupt_payload；tests/runtime/flows/test_azure_process_business.py::test_real_http_restarts_original_job_then_corrects_and_deletes,在AKS执行迁移后的保留测试；真实业务验收禁止SQLite/隐式本地回退与skip。确定性故障注入仍须独立标记。,09b4291d653918bdc4c368252aaff3e107b557593df89dd9ee023556af293da6
E:/projects/codex/aether/AgentJYS-main/tests/unit/test_b1_sidecar.py,TEST-021,tests/unit/test_b1_sidecar.py,True,随退休实现删除对应旧测试,随退休实现整文件删除；有效横向断言按本表迁移,test_fixed_input_preserves_whitespace_and_rejects_oversize_without_compute; test_returns_normalized_vector_metrics_events_and_capabilities; test_batch_supports_partial_failure_skip_and_query_input; test_long_text_preserves_offsets_and_exact_substrings; test_short_boundary_maximum_and_over_limit_texts; test_chunk_count_limit_is_enforced; test_rejects_mixed_payload_limits_and_invalid_fields; test_completed_and_same_batch_idempotency_and_conflict; test_concurrent_idempotent_requests_execute_backend_once; test_queue_and_backend_timeouts_have_distinct_errors; test_backend_failure_and_invalid_vector_obey_fail_mode; test_optional_backend_without_runtime_is_explicitly_unavailable; test_settings_reject_non_positive_limits_and_timeouts,旧接口路径/Mock输出形状/独立Sidecar-Celery装配不保留；仍有效的授权、版本、TTL、故障保护和回执约束迁至下列当前门禁，不声称新旧产品接口等同。,tests/unit/recall/test_native_embedding.py；tests/runtime/flows/test_azure_vector_contract.py::test_real_projection_replay_environment_isolation_and_reconstruction; tests/runtime/flows/test_azure_vector_contract.py::test_real_search_filters_source_and_scope_and_rejects_corrupt_payload；tests/runtime/flows/test_azure_process_business.py::test_real_http_restarts_original_job_then_corrects_and_deletes,在AKS执行迁移后的保留测试；真实业务验收禁止SQLite/隐式本地回退与skip。确定性故障注入仍须独立标记。,0eb83d30db967d76b8fe19ccc18ec2875acf4260ab648df5bd47550f8ae18efb
E:/projects/codex/aether/AgentJYS-main/tests/unit/test_b1_sidecar_client.py,TEST-022,tests/unit/test_b1_sidecar_client.py,True,随退休实现删除对应旧测试,随退休实现整文件删除；有效横向断言按本表迁移,test_sidecar_client_preserves_embedding_client_contract_and_batches; test_sidecar_client_rejects_multiple_chunks_for_one_pipeline_item,旧接口路径/Mock输出形状/独立Sidecar-Celery装配不保留；仍有效的授权、版本、TTL、故障保护和回执约束迁至下列当前门禁，不声称新旧产品接口等同。,tests/unit/recall/test_native_embedding.py；tests/runtime/flows/test_azure_vector_contract.py::test_real_projection_replay_environment_isolation_and_reconstruction; tests/runtime/flows/test_azure_vector_contract.py::test_real_search_filters_source_and_scope_and_rejects_corrupt_payload；tests/runtime/flows/test_azure_process_business.py::test_real_http_restarts_original_job_then_corrects_and_deletes,在AKS执行迁移后的保留测试；真实业务验收禁止SQLite/隐式本地回退与skip。确定性故障注入仍须独立标记。,8366d3b012be23674e76c42694d8fa252587a3cc89bd4c891cba6f980b9beff8
E:/projects/codex/aether/AgentJYS-main/tests/unit/test_b2_b1_client.py,TEST-023,tests/unit/test_b2_b1_client.py,True,随退休实现删除对应旧测试,随退休实现整文件删除；有效横向断言按本表迁移,test_b2_client_translates_to_sidecar_and_normalizes_records; test_b2_client_rejects_failed_b1_result,旧接口路径/Mock输出形状/独立Sidecar-Celery装配不保留；仍有效的授权、版本、TTL、故障保护和回执约束迁至下列当前门禁，不声称新旧产品接口等同。,tests/unit/recall/test_native_embedding.py；tests/runtime/flows/test_azure_vector_contract.py::test_real_projection_replay_environment_isolation_and_reconstruction; tests/runtime/flows/test_azure_vector_contract.py::test_real_search_filters_source_and_scope_and_rejects_corrupt_payload；tests/runtime/flows/test_azure_process_business.py::test_real_http_restarts_original_job_then_corrects_and_deletes,在AKS执行迁移后的保留测试；真实业务验收禁止SQLite/隐式本地回退与skip。确定性故障注入仍须独立标记。,368963b23b8786a8851d54b923686a4c90763379de5bf1337212a6641ba42075
E:/projects/codex/aether/AgentJYS-main/tests/unit/test_b2_long_text.py,TEST-024,tests/unit/test_b2_long_text.py,True,迁移有效断言后删除旧测试或删除旧段落,迁移后删除旧文件,test_chunk_text_preserves_content_with_overlap; test_chunk_text_rejects_invalid_overlap,保留完整原文覆盖、Unicode/overlap 及非法策略拒绝；旧 B2 chunk 函数退出。,tests/runtime/flows/test_remember_pipeline.py::test_unicode_token_chunks_cover_every_character；tests/runtime/flows/test_working_summaries.py,在AKS执行迁移后的保留测试；真实业务验收禁止SQLite/隐式本地回退与skip。确定性故障注入仍须独立标记。,71aacea05902644d39b60c09c1260d1b94f96735ee2a06c6bf50702ea804cd6f
E:/projects/codex/aether/AgentJYS-main/tests/unit/test_b2_p2_bridge.py,TEST-025,tests/unit/test_b2_p2_bridge.py,True,随退休实现删除对应旧测试,随退休实现整文件删除；有效横向断言按本表迁移,test_b2_records_carry_p2_traceability_and_unique_chunk_ids; test_p2_collection_is_stable_and_scope_isolated,旧接口路径/Mock输出形状/独立Sidecar-Celery装配不保留；仍有效的授权、版本、TTL、故障保护和回执约束迁至下列当前门禁，不声称新旧产品接口等同。,tests/unit/recall/test_native_embedding.py；tests/runtime/flows/test_azure_vector_contract.py::test_real_projection_replay_environment_isolation_and_reconstruction; tests/runtime/flows/test_azure_vector_contract.py::test_real_search_filters_source_and_scope_and_rejects_corrupt_payload；tests/runtime/flows/test_azure_process_business.py::test_real_http_restarts_original_job_then_corrects_and_deletes,在AKS执行迁移后的保留测试；真实业务验收禁止SQLite/隐式本地回退与skip。确定性故障注入仍须独立标记。,50d03d41bd0ff2f2e5d7e58de2f1c2b554312b1028525472271f5c85ea3700f6
E:/projects/codex/aether/AgentJYS-main/tests/unit/test_b2_service.py,TEST-026,tests/unit/test_b2_service.py,True,随退休实现删除对应旧测试,随退休实现整文件删除；有效横向断言按本表迁移,test_service_enforces_tenant_and_user_scope; test_service_archives_session_and_preserves_provenance; test_user_memory_is_written_to_semantic_tier; test_recall_access_stats_survive_sqlite_restart; test_b3_signal_failure_does_not_rollback_b2_write,旧接口路径/Mock输出形状/独立Sidecar-Celery装配不保留；仍有效的授权、版本、TTL、故障保护和回执约束迁至下列当前门禁，不声称新旧产品接口等同。,tests/runtime/p3/test_foundation.py::test_cross_user_and_cross_tenant_queries_rejected; tests/runtime/p3/test_foundation.py::test_identity_forgery_scope_selector_and_revocation；tests/runtime/flows/test_working_vector_projection.py::test_saved_working_is_readable_before_async_projection_and_published_after; tests/runtime/flows/test_working_vector_projection.py::test_projection_failure_is_reported_and_explicit_reindex_recovers；tests/runtime/flows/test_working_summaries.py::test_summary_failure_falls_back_to_original_and_can_retry_without_duplicates; tests/runtime/flows/test_working_summaries.py::test_correction_while_summary_runs_cannot_overwrite_new_source；tests/runtime/flows/test_azure_process_business.py::test_real_http_restarts_original_job_then_corrects_and_deletes,在AKS执行迁移后的保留测试；真实业务验收禁止SQLite/隐式本地回退与skip。确定性故障注入仍须独立标记。,651c41df3b71b9a5c2942d284f9a63ec106e02019a0b11b78af37a0d8eb5d9d0
E:/projects/codex/aether/AgentJYS-main/tests/unit/test_b2_text_classifier.py,TEST-027,tests/unit/test_b2_text_classifier.py,True,迁移有效断言后删除旧测试或删除旧段落,删除旧关键词分类器测试；在当前提取契约保留有效输入边界,test_classifies_b2_memory_text; test_empty_text_is_unknown,旧分类 category/confidence 与关键词规则退出；空白输入拒绝、工具/文档/会话 provenance 在当前 SourceInput/真实提取用例覆盖，不能声称两算法分类语义相同。,tests/runtime/flows/test_remember_dedup.py；tests/runtime/flows/test_azure_model_business.py；tests/contracts/p3/test_contracts.py,在AKS执行迁移后的保留测试；真实业务验收禁止SQLite/隐式本地回退与skip。确定性故障注入仍须独立标记。,f79fb42bf9b40804d62bea8a08e1154bce485a3ac4d648fd57cfdc4a2c59fed5
E:/projects/codex/aether/AgentJYS-main/tests/unit/test_b3_application_scope.py,TEST-028,tests/unit/test_b3_application_scope.py,True,迁移有效断言后删除旧测试或删除旧段落,迁移有效断言后删除旧 B3 用例,test_schedule_inherits_scope_into_candidates_and_action_log; test_schedule_rejects_cross_tenant_candidate_before_decision; test_legacy_unscoped_schedule_remains_compatible,保留跨租户候选在产生动作前拒绝、scoped日志；legacy unscoped permissive 用例退出。,tests/runtime/p3/test_foundation.py::test_cross_user_and_cross_tenant_queries_rejected; tests/runtime/p3/test_foundation.py::test_identity_forgery_scope_selector_and_revocation；tests/runtime/temporal/test_operate_workflow.py,在AKS执行迁移后的保留测试；真实业务验收禁止SQLite/隐式本地回退与skip。确定性故障注入仍须独立标记。,455eff2d8ef470cc3a95d0a8c4cb2e0f6d168b5217cee911954c30f0b566bb76
E:/projects/codex/aether/AgentJYS-main/tests/unit/test_b3_scheduler.py,TEST-029,tests/unit/test_b3_scheduler.py,True,随退休实现删除对应旧测试,随退休实现整文件删除；有效横向断言按本表迁移,test_policy_outputs_promote_demote_prefetch_and_pin; test_policy_keeps_object_when_hot_target_is_full; test_high_migration_cost_reduces_score; test_scheduler_records_failure_and_keep_fallback; test_scheduler_retry_is_executor_idempotent; test_scheduler_periodic_runner_is_configurable,旧接口路径/Mock输出形状/独立Sidecar-Celery装配不保留；仍有效的授权、版本、TTL、故障保护和回执约束迁至下列当前门禁，不声称新旧产品接口等同。,tests/runtime/flows/test_azure_cache_executor.py::test_repair_lost_response_can_be_queried_with_original_receipt; tests/runtime/flows/test_azure_cache_executor.py::test_purge_during_remote_copy_prevents_late_publication；tests/runtime/flows/test_azure_cache.py::test_cache_does_not_cross_scope; tests/runtime/flows/test_azure_cache.py::test_quota_is_atomic_under_competing_writers; tests/runtime/flows/test_azure_cache.py::test_corruption_is_not_a_miss_or_successful_cleanup；tests/runtime/temporal/test_operate_workflow.py,在AKS执行迁移后的保留测试；真实业务验收禁止SQLite/隐式本地回退与skip。确定性故障注入仍须独立标记。,19a6c2f79bb339d004a73175d196477472e708d74f3e3e14c0f86d9cf4758420
E:/projects/codex/aether/AgentJYS-main/tests/unit/test_b3_shadow.py,TEST-030,tests/unit/test_b3_shadow.py,True,随退休实现删除对应旧测试,随退休实现整文件删除；有效横向断言按本表迁移,test_shadow_mode_skips_executor_and_marks_entries; test_non_shadow_mode_still_executes,旧接口路径/Mock输出形状/独立Sidecar-Celery装配不保留；仍有效的授权、版本、TTL、故障保护和回执约束迁至下列当前门禁，不声称新旧产品接口等同。,tests/runtime/flows/test_azure_cache_executor.py::test_repair_lost_response_can_be_queried_with_original_receipt; tests/runtime/flows/test_azure_cache_executor.py::test_purge_during_remote_copy_prevents_late_publication；tests/runtime/flows/test_azure_cache.py::test_cache_does_not_cross_scope; tests/runtime/flows/test_azure_cache.py::test_quota_is_atomic_under_competing_writers; tests/runtime/flows/test_azure_cache.py::test_corruption_is_not_a_miss_or_successful_cleanup；tests/runtime/temporal/test_operate_workflow.py,在AKS执行迁移后的保留测试；真实业务验收禁止SQLite/隐式本地回退与skip。确定性故障注入仍须独立标记。,4539bf0c647c97c9637e7f3f03576f683d3e8fa3cb2f5b60490c1df64c901588
E:/projects/codex/aether/AgentJYS-main/tests/unit/test_celery_store_lifecycle.py,TEST-031,tests/unit/test_celery_store_lifecycle.py,True,随退休实现删除对应旧测试,随退休实现整文件删除；有效横向断言按本表迁移,test_persist_memory_closes_store_on_same_event_loop,旧接口路径/Mock输出形状/独立Sidecar-Celery装配不保留；仍有效的授权、版本、TTL、故障保护和回执约束迁至下列当前门禁，不声称新旧产品接口等同。,tests/unit/recall/test_native_embedding.py；tests/runtime/flows/test_azure_vector_contract.py::test_real_projection_replay_environment_isolation_and_reconstruction; tests/runtime/flows/test_azure_vector_contract.py::test_real_search_filters_source_and_scope_and_rejects_corrupt_payload；tests/runtime/flows/test_azure_process_business.py::test_real_http_restarts_original_job_then_corrects_and_deletes,在AKS执行迁移后的保留测试；真实业务验收禁止SQLite/隐式本地回退与skip。确定性故障注入仍须独立标记。,a6ba17afef195d40bde703111e4f902edc01906b33cc3d2c873ae1f901ab2620
E:/projects/codex/aether/AgentJYS-main/tests/unit/test_compose_smoke_contract.py,TEST-032,tests/unit/test_compose_smoke_contract.py,True,随退休实现删除对应旧测试,随退休实现整文件删除；有效横向断言按本表迁移,test_compose_workers_share_the_api_memory_store; test_smoke_consumes_route_report_and_rejects_failed_flow,旧接口路径/Mock输出形状/独立Sidecar-Celery装配不保留；仍有效的授权、版本、TTL、故障保护和回执约束迁至下列当前门禁，不声称新旧产品接口等同。,tests/runtime/flows/test_azure_storage_configuration.py::test_azure_configuration_rejects_incomplete_bundle; tests/runtime/flows/test_azure_storage_configuration.py::test_azure_configuration_rejects_reference_or_p2_mixture；tests/runtime/flows/test_http.py::test_http_uses_shared_services_auth_scoping_and_health; tests/runtime/flows/test_http.py::test_http_worker_runs_queued_tasks_and_stops_on_shutdown；tests/contracts/p3/test_contracts.py,在AKS执行迁移后的保留测试；真实业务验收禁止SQLite/隐式本地回退与skip。确定性故障注入仍须独立标记。,7b9c097121e88673d58a32773af964dc21aa95580025773679796bb7c9f09f7e
E:/projects/codex/aether/AgentJYS-main/tests/unit/test_config.py,TEST-033,tests/unit/test_config.py,True,随退休实现删除对应旧测试,随退休实现整文件删除；有效横向断言按本表迁移,test_settings_defaults; test_settings_env_override; test_settings_from_toml,旧接口路径/Mock输出形状/独立Sidecar-Celery装配不保留；仍有效的授权、版本、TTL、故障保护和回执约束迁至下列当前门禁，不声称新旧产品接口等同。,tests/runtime/flows/test_azure_storage_configuration.py::test_azure_configuration_rejects_incomplete_bundle; tests/runtime/flows/test_azure_storage_configuration.py::test_azure_configuration_rejects_reference_or_p2_mixture；tests/runtime/flows/test_http.py::test_http_uses_shared_services_auth_scoping_and_health; tests/runtime/flows/test_http.py::test_http_worker_runs_queued_tasks_and_stops_on_shutdown；tests/contracts/p3/test_contracts.py,在AKS执行迁移后的保留测试；真实业务验收禁止SQLite/隐式本地回退与skip。确定性故障注入仍须独立标记。,8a906d20e225bbae9ecbf62942d8cb202a6222366c65038bfe51418fea5b9016
E:/projects/codex/aether/AgentJYS-main/tests/unit/test_context_builder.py,TEST-034,tests/unit/test_context_builder.py,True,随退休实现删除对应旧测试,随退休实现整文件删除；有效横向断言按本表迁移,test_build_merges_three_tiers; test_build_respects_max_candidates; test_build_respects_token_budget; test_build_assembles_numbered_text; test_build_recall_scores_populated; test_build_subset_of_tiers; test_build_returns_partial_context_when_one_source_fails; test_build_returns_partial_context_when_one_source_times_out,旧接口路径/Mock输出形状/独立Sidecar-Celery装配不保留；仍有效的授权、版本、TTL、故障保护和回执约束迁至下列当前门禁，不声称新旧产品接口等同。,tests/runtime/p3/test_foundation.py::test_cross_user_and_cross_tenant_queries_rejected; tests/runtime/p3/test_foundation.py::test_identity_forgery_scope_selector_and_revocation；tests/runtime/flows/test_working_vector_projection.py::test_saved_working_is_readable_before_async_projection_and_published_after; tests/runtime/flows/test_working_vector_projection.py::test_projection_failure_is_reported_and_explicit_reindex_recovers；tests/runtime/flows/test_working_summaries.py::test_summary_failure_falls_back_to_original_and_can_retry_without_duplicates; tests/runtime/flows/test_working_summaries.py::test_correction_while_summary_runs_cannot_overwrite_new_source；tests/runtime/flows/test_azure_process_business.py::test_real_http_restarts_original_job_then_corrects_and_deletes,在AKS执行迁移后的保留测试；真实业务验收禁止SQLite/隐式本地回退与skip。确定性故障注入仍须独立标记。,e3bc149edd42ab67d7b7514a3ec005d2a936711e1c8bf8d349dedca244649abb
E:/projects/codex/aether/AgentJYS-main/tests/unit/test_context_catalog_recall.py,TEST-035,tests/unit/test_context_catalog_recall.py,True,迁移有效断言后删除旧测试或删除旧段落,迁移有效断言后删除旧 catalog 用例,test_catalog_source_feeds_resource_skill_and_session_into_main_recall; test_real_context_stores_feed_the_main_recall_pipeline,资源/文档事实仍保留：原文读取、source identity 和 MemorySource 过滤；旧目录浏览API退出且不宣称新接口完全等同。,tests/runtime/flows/test_working_summaries.py；tests/runtime/flows/test_azure_vector_contract.py::test_real_projection_replay_environment_isolation_and_reconstruction; tests/runtime/flows/test_azure_vector_contract.py::test_real_search_filters_source_and_scope_and_rejects_corrupt_payload,在AKS执行迁移后的保留测试；真实业务验收禁止SQLite/隐式本地回退与skip。确定性故障注入仍须独立标记。,aff7727ef2338419e9d6a442fc9303cba455c6ed40db8fde4c0a5d51e82289b6
E:/projects/codex/aether/AgentJYS-main/tests/unit/test_context_fact_stores.py,TEST-036,tests/unit/test_context_fact_stores.py,True,随退休实现删除对应旧测试,随退休实现整文件删除；有效横向断言按本表迁移,test_context_facts_are_persistent_by_default; test_context_fact_ttl_is_explicit_and_applies_to_scope_index; test_context_revision_survives_delete_and_recreate; test_context_store_rejects_stale_revision_overwrite; test_redis_revision_allocator_is_monotonic,旧接口路径/Mock输出形状/独立Sidecar-Celery装配不保留；仍有效的授权、版本、TTL、故障保护和回执约束迁至下列当前门禁，不声称新旧产品接口等同。,tests/runtime/p3/test_foundation.py::test_cross_user_and_cross_tenant_queries_rejected; tests/runtime/p3/test_foundation.py::test_identity_forgery_scope_selector_and_revocation；tests/runtime/flows/test_working_vector_projection.py::test_saved_working_is_readable_before_async_projection_and_published_after; tests/runtime/flows/test_working_vector_projection.py::test_projection_failure_is_reported_and_explicit_reindex_recovers；tests/runtime/flows/test_working_summaries.py::test_summary_failure_falls_back_to_original_and_can_retry_without_duplicates; tests/runtime/flows/test_working_summaries.py::test_correction_while_summary_runs_cannot_overwrite_new_source；tests/runtime/flows/test_azure_process_business.py::test_real_http_restarts_original_job_then_corrects_and_deletes,在AKS执行迁移后的保留测试；真实业务验收禁止SQLite/隐式本地回退与skip。确定性故障注入仍须独立标记。,9e6268d0a49b4383b16c2df9405cc935d2638e9f93601966def1f0f121059dd2
E:/projects/codex/aether/AgentJYS-main/tests/unit/test_context_models.py,TEST-037,tests/unit/test_context_models.py,True,随退休实现删除对应旧测试,随退休实现整文件删除；有效横向断言按本表迁移,test_context_request_defaults; test_context_request_custom_types; test_context_pack_assembly,旧接口路径/Mock输出形状/独立Sidecar-Celery装配不保留；仍有效的授权、版本、TTL、故障保护和回执约束迁至下列当前门禁，不声称新旧产品接口等同。,tests/runtime/p3/test_foundation.py::test_cross_user_and_cross_tenant_queries_rejected; tests/runtime/p3/test_foundation.py::test_identity_forgery_scope_selector_and_revocation；tests/runtime/flows/test_working_vector_projection.py::test_saved_working_is_readable_before_async_projection_and_published_after; tests/runtime/flows/test_working_vector_projection.py::test_projection_failure_is_reported_and_explicit_reindex_recovers；tests/runtime/flows/test_working_summaries.py::test_summary_failure_falls_back_to_original_and_can_retry_without_duplicates; tests/runtime/flows/test_working_summaries.py::test_correction_while_summary_runs_cannot_overwrite_new_source；tests/runtime/flows/test_azure_process_business.py::test_real_http_restarts_original_job_then_corrects_and_deletes,在AKS执行迁移后的保留测试；真实业务验收禁止SQLite/隐式本地回退与skip。确定性故障注入仍须独立标记。,d8bb926ee483ea8811e65f324d480d5fda6c407af5a7132b54f3fa5a97e94a49
E:/projects/codex/aether/AgentJYS-main/tests/unit/test_context_projection.py,TEST-038,tests/unit/test_context_projection.py,True,随退休实现删除对应旧测试,随退休实现整文件删除；有效横向断言按本表迁移,test_context_projection_queue_is_revision_aware; test_context_projection_worker_reads_authoritative_content_and_indexes; test_context_projection_supersedes_old_revision_without_indexing; test_context_projection_supersedes_fact_deleted_before_claim; test_context_projection_invalidates_index_when_fact_is_deleted_during_write; test_context_projection_rejects_foreign_scope_before_indexing; test_resource_skill_and_session_writes_enqueue_context_projection; test_deleted_context_identity_rebuilds_with_a_new_projection_revision,旧接口路径/Mock输出形状/独立Sidecar-Celery装配不保留；仍有效的授权、版本、TTL、故障保护和回执约束迁至下列当前门禁，不声称新旧产品接口等同。,tests/runtime/p3/test_foundation.py::test_cross_user_and_cross_tenant_queries_rejected; tests/runtime/p3/test_foundation.py::test_identity_forgery_scope_selector_and_revocation；tests/runtime/flows/test_working_vector_projection.py::test_saved_working_is_readable_before_async_projection_and_published_after; tests/runtime/flows/test_working_vector_projection.py::test_projection_failure_is_reported_and_explicit_reindex_recovers；tests/runtime/flows/test_working_summaries.py::test_summary_failure_falls_back_to_original_and_can_retry_without_duplicates; tests/runtime/flows/test_working_summaries.py::test_correction_while_summary_runs_cannot_overwrite_new_source；tests/runtime/flows/test_azure_process_business.py::test_real_http_restarts_original_job_then_corrects_and_deletes,在AKS执行迁移后的保留测试；真实业务验收禁止SQLite/隐式本地回退与skip。确定性故障注入仍须独立标记。,d36773495f5acb9ba4c6f25960cb6393db9a9dcb370c08303ac189dec913bc74
E:/projects/codex/aether/AgentJYS-main/tests/unit/test_context_semantic_index.py,TEST-039,tests/unit/test_context_semantic_index.py,True,迁移有效断言后删除旧测试或删除旧段落,迁移有效断言后删除旧索引用例,test_context_semantic_index_projects_and_recovers_context_identity; test_context_semantic_index_ignores_non_context_vector_ids,保留投影identity、scope、重建、非目标来源拒绝；旧 context-vector-id 格式退出。,tests/runtime/flows/test_azure_vector_contract.py::test_real_projection_replay_environment_isolation_and_reconstruction; tests/runtime/flows/test_azure_vector_contract.py::test_real_search_filters_source_and_scope_and_rejects_corrupt_payload；tests/runtime/flows/test_working_vector_projection.py,在AKS执行迁移后的保留测试；真实业务验收禁止SQLite/隐式本地回退与skip。确定性故障注入仍须独立标记。,de8cb736757ddded834cf970f95ea13c143913821dd990c131a2d47861f82c42
E:/projects/codex/aether/AgentJYS-main/tests/unit/test_context_store_domain.py,TEST-040,tests/unit/test_context_store_domain.py,True,迁移有效断言后删除旧测试或删除旧段落,迁移有效断言后删除旧 ContextStore 域测试,test_aether_uri_is_canonical_and_hierarchical; test_aether_uri_rejects_provider_and_unsafe_paths; test_memory_maps_to_provider_neutral_context_item; test_memory_context_identity_does_not_use_provider_location; test_memory_without_explicit_overview_still_has_deterministic_l1; test_virtual_context_directory_has_deterministic_l0_and_l1; test_derived_index_can_be_rebuilt_from_authoritative_context; test_reindex_reports_provider_failures_without_aborting_other_layers; test_reference_index_enforces_scope_and_uri_root; test_reindex_reports_bounded_traversal,保留 provider-neutral identity、授权scope、版本/源 hash和重建失败可观察；aether://旧虚拟目录/L0-L1布局规则退出。,tests/runtime/p3/test_foundation.py::test_cross_user_and_cross_tenant_queries_rejected; tests/runtime/p3/test_foundation.py::test_identity_forgery_scope_selector_and_revocation；tests/runtime/flows/test_azure_vector_contract.py::test_real_projection_replay_environment_isolation_and_reconstruction; tests/runtime/flows/test_azure_vector_contract.py::test_real_search_filters_source_and_scope_and_rejects_corrupt_payload；tests/contracts/p3/test_contracts.py,在AKS执行迁移后的保留测试；真实业务验收禁止SQLite/隐式本地回退与skip。确定性故障注入仍须独立标记。,831845bbe56bc80f24d46530f173461462ac59f18c834edd47c3c1cabc56487f
E:/projects/codex/aether/AgentJYS-main/tests/unit/test_context_store_reader.py,TEST-041,tests/unit/test_context_store_reader.py,True,随退休实现删除对应旧测试,随退休实现整文件删除；有效横向断言按本表迁移,test_memory_store_reader_maps_authoritative_memory_without_dual_write; test_memory_collection_lists_only_exact_scope_and_type; test_agent_memory_is_visible_across_sessions_but_working_isolated; test_reader_exposes_memory_as_a_browsable_virtual_tree; test_reader_gets_virtual_directory_nodes_without_storing_them; test_agent_root_is_a_valid_context_search_root; test_reader_projects_long_document_as_resource_without_copying_l2; test_reindex_can_traverse_from_scope_root; test_reader_rejects_forged_uri_for_existing_memory; test_application_catalog_use_cases_enforce_scope; test_composition_root_wires_context_reader_to_authoritative_store,旧接口路径/Mock输出形状/独立Sidecar-Celery装配不保留；仍有效的授权、版本、TTL、故障保护和回执约束迁至下列当前门禁，不声称新旧产品接口等同。,tests/runtime/p3/test_foundation.py::test_cross_user_and_cross_tenant_queries_rejected; tests/runtime/p3/test_foundation.py::test_identity_forgery_scope_selector_and_revocation；tests/runtime/flows/test_working_vector_projection.py::test_saved_working_is_readable_before_async_projection_and_published_after; tests/runtime/flows/test_working_vector_projection.py::test_projection_failure_is_reported_and_explicit_reindex_recovers；tests/runtime/flows/test_working_summaries.py::test_summary_failure_falls_back_to_original_and_can_retry_without_duplicates; tests/runtime/flows/test_working_summaries.py::test_correction_while_summary_runs_cannot_overwrite_new_source；tests/runtime/flows/test_azure_process_business.py::test_real_http_restarts_original_job_then_corrects_and_deletes,在AKS执行迁移后的保留测试；真实业务验收禁止SQLite/隐式本地回退与skip。确定性故障注入仍须独立标记。,a3aa1e0f2e7cb94c56d9cf6444883b2bb97d91775a0a9b6895049159e4eabe11
E:/projects/codex/aether/AgentJYS-main/tests/unit/test_dashboard_demo_mode.py,TEST-042,tests/unit/test_dashboard_demo_mode.py,True,随退休实现删除对应旧测试,随退休实现整文件删除；有效横向断言按本表迁移,test_demo_mode_is_opt_in; test_demo_run_records_full_flow_and_schedule; test_wait_for_b2_task_tracks_redis_state_progression; test_wait_for_b2_task_reports_worker_failure; test_wait_for_b2_task_has_bounded_timeout; test_full_test_report_exposes_b1_sidecar_and_b2_celery,旧接口路径/Mock输出形状/独立Sidecar-Celery装配不保留；仍有效的授权、版本、TTL、故障保护和回执约束迁至下列当前门禁，不声称新旧产品接口等同。,tests/runtime/flows/test_azure_storage_configuration.py::test_azure_configuration_rejects_incomplete_bundle; tests/runtime/flows/test_azure_storage_configuration.py::test_azure_configuration_rejects_reference_or_p2_mixture；tests/runtime/flows/test_http.py::test_http_uses_shared_services_auth_scoping_and_health; tests/runtime/flows/test_http.py::test_http_worker_runs_queued_tasks_and_stops_on_shutdown；tests/contracts/p3/test_contracts.py,在AKS执行迁移后的保留测试；真实业务验收禁止SQLite/隐式本地回退与skip。确定性故障注入仍须独立标记。,f83479a1f2478ce90c8cdb87574e86cce68c83aeca3980c71fedf738aa2e54d0
E:/projects/codex/aether/AgentJYS-main/tests/unit/test_end_to_end.py,TEST-043,tests/unit/test_end_to_end.py,True,随退休实现删除对应旧测试,随退休实现整文件删除；有效横向断言按本表迁移,test_end_to_end_memory_flow; test_end_to_end_ttl_and_state_lifecycle,旧接口路径/Mock输出形状/独立Sidecar-Celery装配不保留；仍有效的授权、版本、TTL、故障保护和回执约束迁至下列当前门禁，不声称新旧产品接口等同。,tests/runtime/p3/test_foundation.py::test_cross_user_and_cross_tenant_queries_rejected; tests/runtime/p3/test_foundation.py::test_identity_forgery_scope_selector_and_revocation；tests/runtime/flows/test_working_vector_projection.py::test_saved_working_is_readable_before_async_projection_and_published_after; tests/runtime/flows/test_working_vector_projection.py::test_projection_failure_is_reported_and_explicit_reindex_recovers；tests/runtime/flows/test_working_summaries.py::test_summary_failure_falls_back_to_original_and_can_retry_without_duplicates; tests/runtime/flows/test_working_summaries.py::test_correction_while_summary_runs_cannot_overwrite_new_source；tests/runtime/flows/test_azure_process_business.py::test_real_http_restarts_original_job_then_corrects_and_deletes,在AKS执行迁移后的保留测试；真实业务验收禁止SQLite/隐式本地回退与skip。确定性故障注入仍须独立标记。,d98129c283688fa1c80cc31a6ab1cedaa5e9f6aaa77759769a648bd53935a202
E:/projects/codex/aether/AgentJYS-main/tests/unit/test_episodic_manager.py,TEST-044,tests/unit/test_episodic_manager.py,True,随退休实现删除对应旧测试,随退休实现整文件删除；有效横向断言按本表迁移,test_write_persists_fact_with_pending_projection; test_write_preserves_existing_embedding; test_recall_cosine_with_decay; test_recall_ranks_relevant_higher; test_recall_decay_lowers_old_memory_score; test_recall_cross_session_and_excludes_expired; test_recall_includes_archived; test_state_transition_active_to_archived,旧接口路径/Mock输出形状/独立Sidecar-Celery装配不保留；仍有效的授权、版本、TTL、故障保护和回执约束迁至下列当前门禁，不声称新旧产品接口等同。,tests/runtime/p3/test_foundation.py::test_cross_user_and_cross_tenant_queries_rejected; tests/runtime/p3/test_foundation.py::test_identity_forgery_scope_selector_and_revocation；tests/runtime/flows/test_working_vector_projection.py::test_saved_working_is_readable_before_async_projection_and_published_after; tests/runtime/flows/test_working_vector_projection.py::test_projection_failure_is_reported_and_explicit_reindex_recovers；tests/runtime/flows/test_working_summaries.py::test_summary_failure_falls_back_to_original_and_can_retry_without_duplicates; tests/runtime/flows/test_working_summaries.py::test_correction_while_summary_runs_cannot_overwrite_new_source；tests/runtime/flows/test_azure_process_business.py::test_real_http_restarts_original_job_then_corrects_and_deletes,在AKS执行迁移后的保留测试；真实业务验收禁止SQLite/隐式本地回退与skip。确定性故障注入仍须独立标记。,c817c7487e37e360887811d5a2af1953dc323e887c87b18e9588cc1ba42458bf
E:/projects/codex/aether/AgentJYS-main/tests/unit/test_fact_first.py,TEST-045,tests/unit/test_fact_first.py,True,迁移有效断言后删除旧测试或删除旧段落,迁移有效断言后删除旧 MemoryService 测试,test_direct_fact_survives_b1_outage_and_recovers_via_existing_worker; test_event_fact_exists_before_projection_enqueue; test_session_extraction_forms_fact_while_b1_is_unavailable; test_archive_session_does_not_require_embedding; test_consolidation_and_merge_preserve_facts_without_embedding; test_consolidation_saves_source_before_extractor_failure; test_semantic_write_does_not_call_vector_provider; test_archive_new_memory_id_does_not_inherit_ready_vector_projection; test_direct_compression_preserves_source_when_compressor_fails; test_event_fact_survives_lost_projection_enqueue,保存事实先于投影，投影故障不丢事实、显式重试原工作、提取/压缩失败保留来源；不把重发当恢复。,tests/runtime/flows/test_working_vector_projection.py::test_saved_working_is_readable_before_async_projection_and_published_after; tests/runtime/flows/test_working_vector_projection.py::test_projection_failure_is_reported_and_explicit_reindex_recovers；tests/runtime/flows/test_working_summaries.py::test_summary_failure_falls_back_to_original_and_can_retry_without_duplicates; tests/runtime/flows/test_working_summaries.py::test_correction_while_summary_runs_cannot_overwrite_new_source；tests/runtime/flows/test_azure_process_business.py::test_real_http_restarts_original_job_then_corrects_and_deletes,在AKS执行迁移后的保留测试；真实业务验收禁止SQLite/隐式本地回退与skip。确定性故障注入仍须独立标记。,16e857d256dc4ce68329636b6826f2aa7177d4ec97121d0e1fd2ce0166711dda
E:/projects/codex/aether/AgentJYS-main/tests/unit/test_formation_policy.py,TEST-046,tests/unit/test_formation_policy.py,True,随退休实现删除对应旧测试,随退休实现整文件删除；有效横向断言按本表迁移,test_default_formation_policy_preserves_user_memory_semantic_rule; test_default_formation_policy_keeps_other_events_working; test_default_formation_policy_maps_provider_events_to_provider_sources,旧接口路径/Mock输出形状/独立Sidecar-Celery装配不保留；仍有效的授权、版本、TTL、故障保护和回执约束迁至下列当前门禁，不声称新旧产品接口等同。,tests/runtime/p3/test_foundation.py::test_cross_user_and_cross_tenant_queries_rejected; tests/runtime/p3/test_foundation.py::test_identity_forgery_scope_selector_and_revocation；tests/runtime/flows/test_working_vector_projection.py::test_saved_working_is_readable_before_async_projection_and_published_after; tests/runtime/flows/test_working_vector_projection.py::test_projection_failure_is_reported_and_explicit_reindex_recovers；tests/runtime/flows/test_working_summaries.py::test_summary_failure_falls_back_to_original_and_can_retry_without_duplicates; tests/runtime/flows/test_working_summaries.py::test_correction_while_summary_runs_cannot_overwrite_new_source；tests/runtime/flows/test_azure_process_business.py::test_real_http_restarts_original_job_then_corrects_and_deletes,在AKS执行迁移后的保留测试；真实业务验收禁止SQLite/隐式本地回退与skip。确定性故障注入仍须独立标记。,c54f056cd52ccf2529741948223d14ce32efcf8636bfe2c93915054603b71d58
E:/projects/codex/aether/AgentJYS-main/tests/unit/test_health_probes.py,TEST-047,tests/unit/test_health_probes.py,True,迁移有效断言后删除旧测试或删除旧段落,迁移有效状态断言后删除旧 probe 用例,test_milvus_unconfigured_is_degraded_not_unavailable; test_milvus_probe_uses_utility_collection_api,未配置/不可用/降级不能假报ready；只替换旧 Milvus utility 调用形状断言。,tests/runtime/flows/test_azure_storage_configuration.py::test_azure_configuration_rejects_incomplete_bundle; tests/runtime/flows/test_azure_storage_configuration.py::test_azure_configuration_rejects_reference_or_p2_mixture；tests/runtime/flows/test_milvus_connection.py,在AKS执行迁移后的保留测试；真实业务验收禁止SQLite/隐式本地回退与skip。确定性故障注入仍须独立标记。,ec8ef48c198299b055aaa70e8cd4da38eac75b1af47e981b15e4166f5e7db1a3
E:/projects/codex/aether/AgentJYS-main/tests/unit/test_hierarchical_context_search.py,TEST-048,tests/unit/test_hierarchical_context_search.py,True,迁移有效断言后删除旧测试或删除旧段落,迁移有效断言后删除旧层级遍历测试,test_hierarchical_search_traverses_memory_and_resource_directories; test_hierarchical_search_reports_bounded_traversal; test_hierarchical_search_merges_optional_semantic_index_hits; test_hierarchical_search_keeps_catalog_available_when_semantic_index_fails; test_hierarchical_search_persists_a_trace_for_catalog_and_semantic_sources; test_hierarchical_search_filters_invisible_catalog_children; test_application_search_uses_authenticated_scope_and_rejects_foreign_root,保留授权候选、来源失败保留独立结果、预算和trace；L0/L1目录遍历与URI路由已退休。,tests/runtime/flows/test_recall_pipeline.py::test_source_timeout_preserves_working_and_records_reason; tests/runtime/flows/test_recall_pipeline.py::test_stale_candidates_trigger_bounded_refill；tests/runtime/flows/test_generation_assembly.py::test_exact_rendered_budget_includes_number_and_separator; tests/runtime/flows/test_generation_assembly.py::test_budget_too_small_does_not_truncate；tests/runtime/flows/test_postgres_observability.py::test_tenant_logs_trace_restart_and_no_sqlite; tests/runtime/flows/test_postgres_observability.py::test_retention_and_log_failure_does_not_rollback_business,在AKS执行迁移后的保留测试；真实业务验收禁止SQLite/隐式本地回退与skip。确定性故障注入仍须独立标记。,d8c61687f413fa4a4c8c3ebf974000a9b3795544e0b88c4a422520c8a77a5625
E:/projects/codex/aether/AgentJYS-main/tests/unit/test_idempotency.py,TEST-049,tests/unit/test_idempotency.py,True,迁移有效断言后删除旧测试或删除旧段落,迁移有效断言后删除旧 claim 实现测试,test_claim_then_complete_returns_cached_response; test_failed_record_allows_retry; test_processing_is_conflict; test_payload_mismatch_conflicts_after_success; test_keys_namespaced_by_tenant_and_op_type; test_payload_hash_is_stable; test_runtime_claim_conflict_raises; test_runtime_claim_skips_without_key_or_store,原 operation replay、不同内容冲突、进行中状态、租户和操作类型隔离、稳定摘要；旧盲重试语义按现契约退出。,tests/runtime/p3/test_foundation.py::test_request_idempotency_and_content_conflict；tests/runtime/flows/test_azure_process_business.py::test_real_http_restarts_original_job_then_corrects_and_deletes；tests/integration/test_mutation_receipts.py,在AKS执行迁移后的保留测试；真实业务验收禁止SQLite/隐式本地回退与skip。确定性故障注入仍须独立标记。,7a7240a665a0ae1f08d17d0a7bed02db411522b3d019a0848afbc9325f632e34
E:/projects/codex/aether/AgentJYS-main/tests/unit/test_import_order.py,TEST-050,tests/unit/test_import_order.py,True,迁移有效断言后删除旧测试或删除旧段落,更换用例模块参数并迁入当前入口门禁，删除旧文件,test_public_entrypoint_imports_in_fresh_process,新进程导入和循环依赖检查保留；参数改为 __main__、runtime.flows.application、runtime.storage.azure、runtime.temporal.worker。,新目标 tests/runtime/flows/test_current_entrypoints.py；tests/unit/recall/test_architecture.py,在AKS执行迁移后的保留测试；真实业务验收禁止SQLite/隐式本地回退与skip。确定性故障注入仍须独立标记。,598d6336bfe2154560ae8025ba18617aeb2c96535d5c7dfa7b844fce572ccb8e
E:/projects/codex/aether/AgentJYS-main/tests/unit/test_legacy_production_gate.py,TEST-051,tests/unit/test_legacy_production_gate.py,False,随退休实现删除对应旧测试,随退休实现整文件删除；有效横向断言按本表迁移,test_legacy_asgi_rejects_production_before_lifespan; test_legacy_runtime_rejects_production_before_providers; test_legacy_workers_reject_production_before_runtime,旧接口路径/Mock输出形状/独立Sidecar-Celery装配不保留；仍有效的授权、版本、TTL、故障保护和回执约束迁至下列当前门禁，不声称新旧产品接口等同。,tests/runtime/flows/test_azure_storage_configuration.py::test_azure_configuration_rejects_incomplete_bundle; tests/runtime/flows/test_azure_storage_configuration.py::test_azure_configuration_rejects_reference_or_p2_mixture；tests/runtime/flows/test_http.py::test_http_uses_shared_services_auth_scoping_and_health; tests/runtime/flows/test_http.py::test_http_worker_runs_queued_tasks_and_stops_on_shutdown；tests/contracts/p3/test_contracts.py,在AKS执行迁移后的保留测试；真实业务验收禁止SQLite/隐式本地回退与skip。确定性故障注入仍须独立标记。,
E:/projects/codex/aether/AgentJYS-main/tests/unit/test_long_document_recall.py,TEST-052,tests/unit/test_long_document_recall.py,True,迁移有效断言后删除旧测试或删除旧段落,迁移有效断言后删除旧拼包测试,test_long_document_recall_appended_to_context; test_long_document_recall_degrades_on_p2_failure; test_long_document_recall_skips_without_scope; test_trim_to_budget_keeps_total_within_budget; test_trim_to_budget_unchanged_within_budget,文档来源验证、P2/Ceph故障分辨、授权scope、总token预算；旧长文截断拼接API退出。,tests/runtime/flows/test_recall_pipeline.py::test_source_timeout_preserves_working_and_records_reason; tests/runtime/flows/test_recall_pipeline.py::test_stale_candidates_trigger_bounded_refill；tests/runtime/flows/test_generation_assembly.py::test_exact_rendered_budget_includes_number_and_separator; tests/runtime/flows/test_generation_assembly.py::test_budget_too_small_does_not_truncate；tests/runtime/flows/test_working_summaries.py,在AKS执行迁移后的保留测试；真实业务验收禁止SQLite/隐式本地回退与skip。确定性故障注入仍须独立标记。,dcc131499386b249253cb812f6ffbf5178012fc942b22ba238563c3440080350
E:/projects/codex/aether/AgentJYS-main/tests/unit/test_long_text_fact_first.py,TEST-053,tests/unit/test_long_text_fact_first.py,True,迁移有效断言后删除旧测试或删除旧段落,迁移有效断言后删除旧 Celery 用例,test_long_text_fact_exists_before_broker_call; test_long_text_b1_failure_preserves_fact_and_worker_can_recover,原文先保存、broker/embedding 故障不丢事实、原job续跑；用Temporal IntentBridge替换旧broker形状。,tests/runtime/flows/test_working_vector_projection.py::test_saved_working_is_readable_before_async_projection_and_published_after; tests/runtime/flows/test_working_vector_projection.py::test_projection_failure_is_reported_and_explicit_reindex_recovers；tests/runtime/temporal/test_bridge.py::test_start_ack_loss_reuses_execution; tests/runtime/temporal/test_bridge.py::test_terminal_tombstone_prevents_start_after_history_removal; tests/runtime/temporal/test_bridge.py::test_acknowledged_run_missing_does_not_start_new_execution；tests/runtime/flows/test_azure_process_business.py::test_real_http_restarts_original_job_then_corrects_and_deletes,在AKS执行迁移后的保留测试；真实业务验收禁止SQLite/隐式本地回退与skip。确定性故障注入仍须独立标记。,74da41bf515994eac26432513efb5c8a263f09a210c66ba1079df8b34efd987b
E:/projects/codex/aether/AgentJYS-main/tests/unit/test_memory_extraction_adapter.py,TEST-054,tests/unit/test_memory_extraction_adapter.py,True,随退休实现删除对应旧测试,随退休实现整文件删除；有效横向断言按本表迁移,test_http_extraction_adapter_returns_typed_candidates_and_scope_payload; test_http_extraction_adapter_rejects_malformed_or_oversized_response,旧接口路径/Mock输出形状/独立Sidecar-Celery装配不保留；仍有效的授权、版本、TTL、故障保护和回执约束迁至下列当前门禁，不声称新旧产品接口等同。,tests/unit/recall/test_native_embedding.py；tests/runtime/flows/test_azure_vector_contract.py::test_real_projection_replay_environment_isolation_and_reconstruction; tests/runtime/flows/test_azure_vector_contract.py::test_real_search_filters_source_and_scope_and_rejects_corrupt_payload；tests/runtime/flows/test_azure_process_business.py::test_real_http_restarts_original_job_then_corrects_and_deletes,在AKS执行迁移后的保留测试；真实业务验收禁止SQLite/隐式本地回退与skip。确定性故障注入仍须独立标记。,f555c19f0845ca27b8ff0420e82a7c3c16ea19a59ffb278cff05e6160a7a4e39
E:/projects/codex/aether/AgentJYS-main/tests/unit/test_memory_runtime.py,TEST-055,tests/unit/test_memory_runtime.py,True,随退休实现删除对应旧测试,随退休实现整文件删除；有效横向断言按本表迁移,test_runtime_calls_b1_adapter_and_preserves_context; test_runtime_calls_existing_memory_implementation; test_b1_failure_does_not_delete_memory_fact; test_long_memory_response_keeps_existing_schema_keys; test_runtime_rejects_incomplete_session_scope_before_store_access; test_projection_reconcile_derives_authorized_scope_from_context; test_memory_data_use_cases_reject_mismatched_authenticated_scope,旧接口路径/Mock输出形状/独立Sidecar-Celery装配不保留；仍有效的授权、版本、TTL、故障保护和回执约束迁至下列当前门禁，不声称新旧产品接口等同。,tests/runtime/p3/test_foundation.py::test_cross_user_and_cross_tenant_queries_rejected; tests/runtime/p3/test_foundation.py::test_identity_forgery_scope_selector_and_revocation；tests/runtime/flows/test_working_vector_projection.py::test_saved_working_is_readable_before_async_projection_and_published_after; tests/runtime/flows/test_working_vector_projection.py::test_projection_failure_is_reported_and_explicit_reindex_recovers；tests/runtime/flows/test_working_summaries.py::test_summary_failure_falls_back_to_original_and_can_retry_without_duplicates; tests/runtime/flows/test_working_summaries.py::test_correction_while_summary_runs_cannot_overwrite_new_source；tests/runtime/flows/test_azure_process_business.py::test_real_http_restarts_original_job_then_corrects_and_deletes,在AKS执行迁移后的保留测试；真实业务验收禁止SQLite/隐式本地回退与skip。确定性故障注入仍须独立标记。,8d85eb63612b2a63d006af367e56afbaa48ae8ed2af0d76ed83b5c0e44154cb9
E:/projects/codex/aether/AgentJYS-main/tests/unit/test_memory_store.py,TEST-056,tests/unit/test_memory_store.py,True,迁移有效断言后删除旧测试或删除旧段落,迁移持久化/CAS断言后删除旧 SQLiteMemoryStore 测试,test_sqlite_store_persists_across_instances; test_memory_store_compare_and_set_rejects_stale_projection_write; test_three_managers_can_share_sqlite_store,跨实例持久读、stale revision拒绝、删除tombstone；旧三类Mock manager调用形状退出。,tests/runtime/flows/test_postgres_transaction_delivery.py::test_commit_guard_failure_rolls_back_every_prior_write; tests/runtime/flows/test_postgres_transaction_delivery.py::test_deferred_sql_failure_rolls_back_preceding_and_following_commands；tests/runtime/p3/test_foundation.py::test_cas_tombstone_scope_paging_and_poisoned_transaction；tests/runtime/flows/test_azure_process_business.py::test_real_http_restarts_original_job_then_corrects_and_deletes,在AKS执行迁移后的保留测试；真实业务验收禁止SQLite/隐式本地回退与skip。确定性故障注入仍须独立标记。,ad687ee080b943a62f68cbbfeb25b5ab687b7a8a4bd35b549342b2e5810dc059
E:/projects/codex/aether/AgentJYS-main/tests/unit/test_mock_embedding.py,TEST-057,tests/unit/test_mock_embedding.py,True,随退休实现删除对应旧测试,随退休实现整文件删除；有效横向断言按本表迁移,test_embed_one_returns_fixed_dim; test_embed_one_deterministic; test_embed_one_different_text_different_vec; test_embed_batch; test_embed_empty_batch,旧接口路径/Mock输出形状/独立Sidecar-Celery装配不保留；仍有效的授权、版本、TTL、故障保护和回执约束迁至下列当前门禁，不声称新旧产品接口等同。,tests/unit/recall/test_native_embedding.py；tests/runtime/flows/test_azure_vector_contract.py::test_real_projection_replay_environment_isolation_and_reconstruction; tests/runtime/flows/test_azure_vector_contract.py::test_real_search_filters_source_and_scope_and_rejects_corrupt_payload；tests/runtime/flows/test_azure_process_business.py::test_real_http_restarts_original_job_then_corrects_and_deletes,在AKS执行迁移后的保留测试；真实业务验收禁止SQLite/隐式本地回退与skip。确定性故障注入仍须独立标记。,42093cf60e8f2d58d20468d7a671e66c88cead37ceb734e50f40e831244a1dc3
E:/projects/codex/aether/AgentJYS-main/tests/unit/test_mock_storage.py,TEST-058,tests/unit/test_mock_storage.py,True,随退休实现删除对应旧测试,随退休实现整文件删除；有效横向断言按本表迁移,test_put_and_get; test_put_tier; test_get_missing_returns_none; test_delete_existing; test_delete_missing_returns_false,旧接口路径/Mock输出形状/独立Sidecar-Celery装配不保留；仍有效的授权、版本、TTL、故障保护和回执约束迁至下列当前门禁，不声称新旧产品接口等同。,tests/unit/recall/test_native_embedding.py；tests/runtime/flows/test_azure_vector_contract.py::test_real_projection_replay_environment_isolation_and_reconstruction; tests/runtime/flows/test_azure_vector_contract.py::test_real_search_filters_source_and_scope_and_rejects_corrupt_payload；tests/runtime/flows/test_azure_process_business.py::test_real_http_restarts_original_job_then_corrects_and_deletes,在AKS执行迁移后的保留测试；真实业务验收禁止SQLite/隐式本地回退与skip。确定性故障注入仍须独立标记。,73ca133056327594d8b60b92cb13759acd8b3d9af60f3f60de3d7a3dbcae3d70
E:/projects/codex/aether/AgentJYS-main/tests/unit/test_operate_control.py,TEST-059,tests/unit/test_operate_control.py,True,迁移有效断言后删除旧测试或删除旧段落,迁移当前有效动作约束后删除旧 Controller 用例,test_heat_is_derived_per_representation_and_ignores_foreign_scope; test_placement_keeps_authoritative_copy_and_adds_cache_independent_of_memory_type; test_remote_outcome_is_reconciled_without_resubmit; test_unknown_blocks_new_action_id_for_same_target; test_shadow_is_generated_and_does_not_submit; test_restart_releases_unsubmitted_live_intent_without_submitting_shadow; test_duplicate_action_id_is_idempotent_and_conflicts_are_rejected; test_simulator_guards_capacity_stale_epoch_and_revision; test_stale_observation_does_not_generate_physical_actions; test_false_success_with_divergent_placement_remains_unknown; test_stale_feedback_cannot_assert_success; test_value_ignores_other_task_and_representation_identity; test_concurrent_controllers_submit_same_intent_once; test_resource_budgets_prevent_new_cache_placement; test_http_control_timeout_after_success_queries_instead_of_resubmitting; test_old_accesses_cool_down_instead_of_permanently_pinning_heat,原动作ID回查、Unknown禁止新动作、stale observation/feedback不完成、容量/跨scope约束、并发单意图；真实warm/cold仍不支持。,tests/runtime/flows/test_azure_cache_executor.py::test_repair_lost_response_can_be_queried_with_original_receipt; tests/runtime/flows/test_azure_cache_executor.py::test_purge_during_remote_copy_prevents_late_publication；tests/runtime/flows/test_azure_cache.py::test_cache_does_not_cross_scope; tests/runtime/flows/test_azure_cache.py::test_quota_is_atomic_under_competing_writers; tests/runtime/flows/test_azure_cache.py::test_corruption_is_not_a_miss_or_successful_cleanup；tests/runtime/temporal/test_operate_workflow.py；tests/runtime/flows/test_azure_cache_executor.py,在AKS执行迁移后的保留测试；真实业务验收禁止SQLite/隐式本地回退与skip。确定性故障注入仍须独立标记。,e5e9d9d981bcaf38e1e2cfe0412c405c0fc3870455888b48e9cc621207a1ef19
E:/projects/codex/aether/AgentJYS-main/tests/unit/test_operate_standalone.py,TEST-060,tests/unit/test_operate_standalone.py,True,随退休实现删除对应旧测试,随退休实现整文件删除；有效横向断言按本表迁移,test_queries_never_advance_execution; test_warm_base_is_retained_on_promotion; test_lost_submit_response_recovers_original_action; test_missing_and_unknown_placement_never_create_action; test_resource_outage_recovers; test_capacity_shortage_then_release; test_reservations_prevent_capacity_oversubscription; test_new_access_waits_for_original_plan; test_automatic_cooling_without_access; test_eviction_retains_stats_and_wakes_cooling; test_dedup_and_non_context_and_delayed_events; test_tenant_and_application_isolation; test_idempotency_and_conflicting_intent; test_failed_action_releases_reservation_then_replans; test_action_not_found_is_not_permission_to_resubmit; test_query_outage_holds_original_owner; test_false_success_does_not_complete_plan; test_corrupt_hot_copy_fails_actual_read_verification; test_memory_revision_changes_before_execution; test_bounded_statistics_and_dedup_backpressure; test_index_size_stays_bounded_when_timer_is_replaced; test_concurrent_ticks_never_double_submit; test_multiple_memories_use_worker_concurrency; test_new_event_during_observation_drops_unsent_old_plan; test_timeout_after_acceptance_keeps_original_action; test_action_journal_limit_is_definite_non_submission; test_delayed_access_does_not_regress_zero_timestamp; test_timer_detects_threshold_without_waiting_for_full_audit; test_clock_and_settings_validation; test_reclaim_after_verified_cold_grace_keeps_p2_data; test_new_access_at_reclaim_deadline_keeps_statistics; test_access_during_final_read_prevents_stale_reclaim; test_revision_during_final_read_preserves_new_statistics; test_unknown_resets_grace_and_recovery_starts_full_grace; test_missing_or_corrupt_base_never_reclaims; test_pending_action_survives_retention_deadline; test_hot_and_warm_records_not_reclaimed_by_age; test_reentry_rejects_duplicate_then_starts_new_count; test_reentry_unknown_does_not_lose_or_count_input; test_concurrent_reentry_of_same_event_counts_once; test_expired_events_and_old_versions_do_not_restore_record; test_full_statistics_backpressure_then_reuses_reclaimed_slot; test_repeated_reclamation_keeps_timer_index_bounded; test_retention_settings_reject_invalid_values,旧接口路径/Mock输出形状/独立Sidecar-Celery装配不保留；仍有效的授权、版本、TTL、故障保护和回执约束迁至下列当前门禁，不声称新旧产品接口等同。,tests/runtime/flows/test_azure_cache_executor.py::test_repair_lost_response_can_be_queried_with_original_receipt; tests/runtime/flows/test_azure_cache_executor.py::test_purge_during_remote_copy_prevents_late_publication；tests/runtime/flows/test_azure_cache.py::test_cache_does_not_cross_scope; tests/runtime/flows/test_azure_cache.py::test_quota_is_atomic_under_competing_writers; tests/runtime/flows/test_azure_cache.py::test_corruption_is_not_a_miss_or_successful_cleanup；tests/runtime/temporal/test_operate_workflow.py,在AKS执行迁移后的保留测试；真实业务验收禁止SQLite/隐式本地回退与skip。确定性故障注入仍须独立标记。,803b3e41ccdeec76ab5af67e837213849706799955d36bfa21c5b4709cd75fb1
E:/projects/codex/aether/AgentJYS-main/tests/unit/test_operate_wiring.py,TEST-061,tests/unit/test_operate_wiring.py,True,迁移有效断言后删除旧测试或删除旧段落,迁移装配与模型约束后删除旧 B3 wiring 测试,test_compose_forwards_operate_configuration_with_safe_defaults; test_composition_uses_new_scheduler_not_legacy; test_legacy_candidate_mapper_no_longer_infers_tier_from_memory_type; test_b2_creation_signal_does_not_alias_importance_to_heat; test_schedule_use_case_runs_new_domain_with_fact_and_access_traces,Azure bundle实际装配、保留memory_type与物理tier独立；不复制旧env/compose字符串门禁。,tests/runtime/flows/test_azure_storage_assembly.py；tests/runtime/flows/test_azure_cache_executor.py；tests/runtime/flows/test_azure_storage_configuration.py::test_azure_configuration_rejects_incomplete_bundle; tests/runtime/flows/test_azure_storage_configuration.py::test_azure_configuration_rejects_reference_or_p2_mixture,在AKS执行迁移后的保留测试；真实业务验收禁止SQLite/隐式本地回退与skip。确定性故障注入仍须独立标记。,e80bb23c1cd5ffb0f33b5a704b5b03f1c58e6a44a89142effd14a7d4947273ef
E:/projects/codex/aether/AgentJYS-main/tests/unit/test_p2_migration_executor.py,TEST-062,tests/unit/test_p2_migration_executor.py,True,迁移有效断言后删除旧测试或删除旧段落,迁移动作回执/栅栏断言后删除旧 P2MigrationExecutor 测试,test_p2_executor_freezes_and_completes_logical_route; test_p2_executor_reports_failure_and_releases_fence; test_p2_executor_caches_action_feedback_and_skips_local_actions; test_p2_executor_replays_completed_action_after_executor_restart,fence/原action失败可观察/重开原回执；旧warm/cold物理迁移能力退出，合同与资料保留并报告未支持。,tests/runtime/flows/test_azure_cache_executor.py::test_repair_lost_response_can_be_queried_with_original_receipt; tests/runtime/flows/test_azure_cache_executor.py::test_purge_during_remote_copy_prevents_late_publication；tests/runtime/flows/test_azure_cache_executor.py::test_unsupported_movement_has_stable_failed_receipt_without_changing_bytes,在AKS执行迁移后的保留测试；真实业务验收禁止SQLite/隐式本地回退与skip。确定性故障注入仍须独立标记。,bdbb873d83876693e7a3b76aebccf3402ff6cfbc328af7f31d2cf0fa5cc020c9
E:/projects/codex/aether/AgentJYS-main/tests/unit/test_p3_northbound_contract.py,TEST-063,tests/unit/test_p3_northbound_contract.py,True,随退休实现删除对应旧测试,随退休实现整文件删除；有效横向断言按本表迁移,test_p3_northbound_v1_contract_is_frozen_and_implemented; test_p4_package_does_not_import_p3_implementation,旧接口路径/Mock输出形状/独立Sidecar-Celery装配不保留；仍有效的授权、版本、TTL、故障保护和回执约束迁至下列当前门禁，不声称新旧产品接口等同。,tests/runtime/flows/test_azure_storage_configuration.py::test_azure_configuration_rejects_incomplete_bundle; tests/runtime/flows/test_azure_storage_configuration.py::test_azure_configuration_rejects_reference_or_p2_mixture；tests/runtime/flows/test_http.py::test_http_uses_shared_services_auth_scoping_and_health; tests/runtime/flows/test_http.py::test_http_worker_runs_queued_tasks_and_stops_on_shutdown；tests/contracts/p3/test_contracts.py,在AKS执行迁移后的保留测试；真实业务验收禁止SQLite/隐式本地回退与skip。确定性故障注入仍须独立标记。,cc821c2c629b194abab2c6dd8cc595828d95746de953f2c2beeb1885cd455242
E:/projects/codex/aether/AgentJYS-main/tests/unit/test_phase_3_5_closure.py,TEST-064,tests/unit/test_phase_3_5_closure.py,True,迁移有效断言后删除旧测试或删除旧段落,迁移当前契约/融合断言后删除旧 v1装配测试,test_context_uses_unified_retrieval_without_legacy_builder_recall; test_future_recall_source_does_not_change_build_context_flow; test_recall_source_exception_degrades_but_keeps_other_results; test_recall_source_timeout_degrades_but_keeps_other_results; test_token_budget_is_applied_after_all_sources_once; test_canonical_dtos_do_not_require_provider_specific_fields; test_legacy_p2_task_payload_maps_to_canonical_and_v1_response; test_v1_response_preserves_long_memory_and_search_legacy_fields,有效source融合、故障分辨、预算统一、provider-neutral DTO保留；旧 /api/v1兼容JSON shape退出，冻结合同原件不改为已完成新版本。,tests/runtime/flows/test_recall_pipeline.py::test_source_timeout_preserves_working_and_records_reason; tests/runtime/flows/test_recall_pipeline.py::test_stale_candidates_trigger_bounded_refill；tests/runtime/flows/test_generation_assembly.py::test_exact_rendered_budget_includes_number_and_separator; tests/runtime/flows/test_generation_assembly.py::test_budget_too_small_does_not_truncate；tests/contracts/p3/test_contracts.py,在AKS执行迁移后的保留测试；真实业务验收禁止SQLite/隐式本地回退与skip。确定性故障注入仍须独立标记。,d5d4339d254c622d377dbaad8fcd577ce71488be9cb19e7f07c2bab48e644f41
E:/projects/codex/aether/AgentJYS-main/tests/unit/test_projection_reconciler.py,TEST-065,tests/unit/test_projection_reconciler.py,True,迁移有效断言后删除旧测试或删除旧段落,迁移有效断言后删除旧 projection-worker 测试,test_reconciler_plans_missing_projections_across_agent_sessions; test_projection_queue_is_revision_aware; test_projection_worker_supersedes_old_revision_without_retrying; test_projection_worker_completes_success_and_records_failure; test_memory_write_automatically_enqueues_missing_projections; test_provider_projection_executor_completes_embedding_and_index_work,revision感知、删除中止旧投影、失ACK查原目标、失败显式reindex；旧queue worker独立循环退出。,tests/runtime/flows/test_azure_vector_contract.py::test_real_projection_replay_environment_isolation_and_reconstruction; tests/runtime/flows/test_azure_vector_contract.py::test_real_search_filters_source_and_scope_and_rejects_corrupt_payload；tests/runtime/temporal/test_remember_workflows.py；tests/runtime/flows/test_working_vector_projection.py,在AKS执行迁移后的保留测试；真实业务验收禁止SQLite/隐式本地回退与skip。确定性故障注入仍须独立标记。,5560347fbd7e8d8ca6593e2efb304993d0dbd6dc8eb05f9a7f4588671d204236
E:/projects/codex/aether/AgentJYS-main/tests/unit/test_queue_reliability.py,TEST-066,tests/unit/test_queue_reliability.py,True,迁移有效断言后删除旧测试或删除旧段落,迁移有效恢复约束后删除旧 queue 实现测试,test_late_owner_cannot_finish_reclaimed_work; test_expired_owner_without_reclaim_cannot_finish; test_poll_is_bounded_and_retry_returns_to_due_index; test_session_archive_recovers_lost_enqueue_after_service_restart; test_completed_archive_cannot_be_downgraded_by_late_worker; test_unprocessed_archive_is_not_evicted_during_queue_outage,late owner不能提交、续跑预算、原任务持久化、晚回执不降级完成；以Temporal fencing/ledger保留。,tests/runtime/temporal/test_task_workflow.py::test_revoked_identity_rejects_late_commit; tests/runtime/temporal/test_task_workflow.py::test_late_delivery_cannot_reacquire_after_next_stage；tests/runtime/temporal/test_bridge.py::test_start_ack_loss_reuses_execution; tests/runtime/temporal/test_bridge.py::test_terminal_tombstone_prevents_start_after_history_removal; tests/runtime/temporal/test_bridge.py::test_acknowledged_run_missing_does_not_start_new_execution；tests/runtime/flows/test_azure_process_business.py::test_real_http_restarts_original_job_then_corrects_and_deletes,在AKS执行迁移后的保留测试；真实业务验收禁止SQLite/隐式本地回退与skip。确定性故障注入仍须独立标记。,2b9bfdebb39b217a1cefa6822e7afa78ef34164d165e87eaf7c71b0e4f0554e4
E:/projects/codex/aether/AgentJYS-main/tests/unit/test_recall_pipeline.py,TEST-067,tests/unit/test_recall_pipeline.py,True,迁移有效断言后删除旧测试或删除旧段落,迁移有效断言后删除旧 UnifiedRetrievalPipeline 测试,test_recall_pipeline_can_add_source_without_runtime_flow_change; test_recall_pipeline_exposes_normalize_filter_rank_stages; test_default_recall_policy_rejects_foreign_and_unscoped_candidates; test_default_recall_policy_rejects_working_memory_from_other_session; test_recall_fusion_keeps_highest_score_for_one_canonical_uri,融合去重、授权scope、Working限session/source、rank不膨胀；旧canonical URI聚合规则退出。,tests/runtime/flows/test_recall_pipeline.py；tests/runtime/flows/test_generation_assembly.py；tests/runtime/flows/test_azure_vector_contract.py::test_real_projection_replay_environment_isolation_and_reconstruction; tests/runtime/flows/test_azure_vector_contract.py::test_real_search_filters_source_and_scope_and_rejects_corrupt_payload,在AKS执行迁移后的保留测试；真实业务验收禁止SQLite/隐式本地回退与skip。确定性故障注入仍须独立标记。,d2c617521be1f4a11c83cab31ac526d6000c24937990aa8e943c84a5f1b44fda
E:/projects/codex/aether/AgentJYS-main/tests/unit/test_redis_queue_reliability.py,TEST-068,tests/unit/test_redis_queue_reliability.py,True,迁移有效断言后删除旧测试或删除旧段落,迁移并发/owner约束后删除旧 Redis任务队列测试,test_redis_poll_reads_only_requested_batch_and_no_smembers; test_redis_reclaim_rejects_old_token_and_preserves_new_owner; test_atomic_enqueue_dedupes_concurrent_writers,late token/单赢家/重复operation约束保留；Redis poll/smembers脚本形状退出，任务由Temporal承担。,tests/runtime/p3/test_foundation.py::test_request_idempotency_and_content_conflict；tests/runtime/temporal/test_task_workflow.py::test_revoked_identity_rejects_late_commit; tests/runtime/temporal/test_task_workflow.py::test_late_delivery_cannot_reacquire_after_next_stage；tests/runtime/temporal/test_ledger.py,在AKS执行迁移后的保留测试；真实业务验收禁止SQLite/隐式本地回退与skip。确定性故障注入仍须独立标记。,b58b80dc2a2142aea98649bb4287308cf1a1f5fd93134eeaf69d8b9599b43f6a
E:/projects/codex/aether/AgentJYS-main/tests/unit/test_resource_context.py,TEST-069,tests/unit/test_resource_context.py,True,随退休实现删除对应旧测试,随退休实现整文件删除；有效横向断言按本表迁移,test_resource_is_first_class_context_item_with_authoritative_ref; test_resource_reader_lists_category_and_session_mount; test_resource_reader_lazily_resolves_external_l2_content; test_plain_text_parser_rejects_binary_media_without_a_binary_adapter; test_external_binary_resource_is_pending_until_parser_is_available; test_context_reader_uses_binary_parser_port_for_external_l2; test_resource_category_move_invalidates_previous_canonical_uri; test_resource_registration_rejects_mismatched_request_scope; test_resource_delete_removes_fact_and_derived_index_entry; test_resource_delete_cannot_remove_another_agent_item,旧接口路径/Mock输出形状/独立Sidecar-Celery装配不保留；仍有效的授权、版本、TTL、故障保护和回执约束迁至下列当前门禁，不声称新旧产品接口等同。,tests/runtime/p3/test_foundation.py::test_cross_user_and_cross_tenant_queries_rejected; tests/runtime/p3/test_foundation.py::test_identity_forgery_scope_selector_and_revocation；tests/runtime/flows/test_working_vector_projection.py::test_saved_working_is_readable_before_async_projection_and_published_after; tests/runtime/flows/test_working_vector_projection.py::test_projection_failure_is_reported_and_explicit_reindex_recovers；tests/runtime/flows/test_working_summaries.py::test_summary_failure_falls_back_to_original_and_can_retry_without_duplicates; tests/runtime/flows/test_working_summaries.py::test_correction_while_summary_runs_cannot_overwrite_new_source；tests/runtime/flows/test_azure_process_business.py::test_real_http_restarts_original_job_then_corrects_and_deletes,在AKS执行迁移后的保留测试；真实业务验收禁止SQLite/隐式本地回退与skip。确定性故障注入仍须独立标记。,8a91d8cce3e81eb7fd4b3361783932039c902f4037be5b52b0ae553718011170
E:/projects/codex/aether/AgentJYS-main/tests/unit/test_retrieval_trace_store.py,TEST-070,tests/unit/test_retrieval_trace_store.py,True,迁移有效断言后删除旧测试或删除旧段落,迁移有效断言后删除旧 Redis trace 测试,test_retrieval_service_persists_scope_aware_trace; test_context_augmentation_persists_only_final_trace; test_trace_use_case_rejects_cross_tenant_read; test_in_memory_trace_store_is_bounded; test_redis_trace_adapter_round_trips_typed_payload,授权trace只看到本scope、最终回执只记一次、持久重开与脱敏；原Redis trace键/保留实现退出。,tests/runtime/flows/test_postgres_observability.py::test_tenant_logs_trace_restart_and_no_sqlite; tests/runtime/flows/test_postgres_observability.py::test_retention_and_log_failure_does_not_rollback_business；tests/runtime/flows/test_tenant_observability.py；tests/runtime/flows/test_generation_commit.py,在AKS执行迁移后的保留测试；真实业务验收禁止SQLite/隐式本地回退与skip。确定性故障注入仍须独立标记。,934e95262125751ce40097d0ef18f7ce960fd41194147a2a420e178141acb321
E:/projects/codex/aether/AgentJYS-main/tests/unit/test_runtime_degraded.py,TEST-071,tests/unit/test_runtime_degraded.py,True,随退休实现删除对应旧测试,随退休实现整文件删除；有效横向断言按本表迁移,test_b3_failure_does_not_block_memory_write_or_context; test_one_recall_source_failure_returns_degraded_result,旧接口路径/Mock输出形状/独立Sidecar-Celery装配不保留；仍有效的授权、版本、TTL、故障保护和回执约束迁至下列当前门禁，不声称新旧产品接口等同。,tests/unit/recall/test_native_embedding.py；tests/runtime/flows/test_azure_vector_contract.py::test_real_projection_replay_environment_isolation_and_reconstruction; tests/runtime/flows/test_azure_vector_contract.py::test_real_search_filters_source_and_scope_and_rejects_corrupt_payload；tests/runtime/flows/test_azure_process_business.py::test_real_http_restarts_original_job_then_corrects_and_deletes,在AKS执行迁移后的保留测试；真实业务验收禁止SQLite/隐式本地回退与skip。确定性故障注入仍须独立标记。,e4f670f06f08c168ff02dcaa4a04110713e00d62d932fda2ec4c1e2d8fe5ea35
E:/projects/codex/aether/AgentJYS-main/tests/unit/test_runtime_dependencies.py,TEST-072,tests/unit/test_runtime_dependencies.py,True,随退休实现删除对应旧测试,随退休实现整文件删除；有效横向断言按本表迁移,test_runtime_profile_reads_environment; test_mock_demo_profile_works_with_injected_dependencies,旧接口路径/Mock输出形状/独立Sidecar-Celery装配不保留；仍有效的授权、版本、TTL、故障保护和回执约束迁至下列当前门禁，不声称新旧产品接口等同。,tests/runtime/flows/test_azure_storage_configuration.py::test_azure_configuration_rejects_incomplete_bundle; tests/runtime/flows/test_azure_storage_configuration.py::test_azure_configuration_rejects_reference_or_p2_mixture；tests/runtime/flows/test_http.py::test_http_uses_shared_services_auth_scoping_and_health; tests/runtime/flows/test_http.py::test_http_worker_runs_queued_tasks_and_stops_on_shutdown；tests/contracts/p3/test_contracts.py,在AKS执行迁移后的保留测试；真实业务验收禁止SQLite/隐式本地回退与skip。确定性故障注入仍须独立标记。,7a9c1d66d8f448f29133551d5af50a190b2de7bfea388cfeb604798ac6bf63ca
E:/projects/codex/aether/AgentJYS-main/tests/unit/test_runtime_health.py,TEST-073,tests/unit/test_runtime_health.py,True,迁移有效断言后删除旧测试或删除旧段落,迁移有效状态约束后删除旧RuntimeHealth测试,test_runtime_health_aggregates_noncritical_degradation; test_runtime_health_critical_unavailable_is_not_ready,关键依赖不可用时not-ready，非关键降级不能伪造成功；保留真实readyz HTTP门禁。,tests/runtime/flows/test_azure_storage_configuration.py::test_azure_configuration_rejects_incomplete_bundle; tests/runtime/flows/test_azure_storage_configuration.py::test_azure_configuration_rejects_reference_or_p2_mixture；tests/runtime/flows/test_http.py::test_http_uses_shared_services_auth_scoping_and_health; tests/runtime/flows/test_http.py::test_http_worker_runs_queued_tasks_and_stops_on_shutdown；tests/runtime/flows/test_azure_storage_assembly.py,在AKS执行迁移后的保留测试；真实业务验收禁止SQLite/隐式本地回退与skip。确定性故障注入仍须独立标记。,bd759e67dde6bc4642e2cd0877148403dc3eef41868f035690a0abc2a1c31462
E:/projects/codex/aether/AgentJYS-main/tests/unit/test_runtime_request_context.py,TEST-074,tests/unit/test_runtime_request_context.py,True,随退休实现删除对应旧测试,随退休实现整文件删除；有效横向断言按本表迁移,test_request_context_child_preserves_trace_and_request_id; test_request_context_from_mapping_keeps_request_id_and_trace_id,旧接口路径/Mock输出形状/独立Sidecar-Celery装配不保留；仍有效的授权、版本、TTL、故障保护和回执约束迁至下列当前门禁，不声称新旧产品接口等同。,tests/runtime/p3/test_foundation.py::test_cross_user_and_cross_tenant_queries_rejected; tests/runtime/p3/test_foundation.py::test_identity_forgery_scope_selector_and_revocation；tests/runtime/flows/test_working_vector_projection.py::test_saved_working_is_readable_before_async_projection_and_published_after; tests/runtime/flows/test_working_vector_projection.py::test_projection_failure_is_reported_and_explicit_reindex_recovers；tests/runtime/flows/test_working_summaries.py::test_summary_failure_falls_back_to_original_and_can_retry_without_duplicates; tests/runtime/flows/test_working_summaries.py::test_correction_while_summary_runs_cannot_overwrite_new_source；tests/runtime/flows/test_azure_process_business.py::test_real_http_restarts_original_job_then_corrects_and_deletes,在AKS执行迁移后的保留测试；真实业务验收禁止SQLite/隐式本地回退与skip。确定性故障注入仍须独立标记。,510d9b1e76430828c270035944b122af035dec9d8e74482a6350288526b5083d
E:/projects/codex/aether/AgentJYS-main/tests/unit/test_semantic_manager.py,TEST-075,tests/unit/test_semantic_manager.py,True,随退休实现删除对应旧测试,随退休实现整文件删除；有效横向断言按本表迁移,test_write_persists_fact_with_pending_projection; test_recall_cosine_no_decay; test_recall_ranks_relevant_higher; test_recall_filters_by_agent; test_recall_excludes_expired; test_recall_does_not_decay_old_memories; test_write_skips_milvus_and_recall_falls_back_when_milvus_is_unavailable,旧接口路径/Mock输出形状/独立Sidecar-Celery装配不保留；仍有效的授权、版本、TTL、故障保护和回执约束迁至下列当前门禁，不声称新旧产品接口等同。,tests/runtime/p3/test_foundation.py::test_cross_user_and_cross_tenant_queries_rejected; tests/runtime/p3/test_foundation.py::test_identity_forgery_scope_selector_and_revocation；tests/runtime/flows/test_working_vector_projection.py::test_saved_working_is_readable_before_async_projection_and_published_after; tests/runtime/flows/test_working_vector_projection.py::test_projection_failure_is_reported_and_explicit_reindex_recovers；tests/runtime/flows/test_working_summaries.py::test_summary_failure_falls_back_to_original_and_can_retry_without_duplicates; tests/runtime/flows/test_working_summaries.py::test_correction_while_summary_runs_cannot_overwrite_new_source；tests/runtime/flows/test_azure_process_business.py::test_real_http_restarts_original_job_then_corrects_and_deletes,在AKS执行迁移后的保留测试；真实业务验收禁止SQLite/隐式本地回退与skip。确定性故障注入仍须独立标记。,abf3e10ae81fee42911348c16033086f7f19c039d98fe58ecc1a3df00b868223
E:/projects/codex/aether/AgentJYS-main/tests/unit/test_session_context.py,TEST-076,tests/unit/test_session_context.py,True,随退休实现删除对应旧测试,随退休实现整文件删除；有效横向断言按本表迁移,test_composite_catalog_exposes_memory_resource_and_session_roots; test_session_archive_is_readable_as_l0_l1_l2_context; test_archive_projection_revision_survives_worker_status_updates,旧接口路径/Mock输出形状/独立Sidecar-Celery装配不保留；仍有效的授权、版本、TTL、故障保护和回执约束迁至下列当前门禁，不声称新旧产品接口等同。,tests/runtime/p3/test_foundation.py::test_cross_user_and_cross_tenant_queries_rejected; tests/runtime/p3/test_foundation.py::test_identity_forgery_scope_selector_and_revocation；tests/runtime/flows/test_working_vector_projection.py::test_saved_working_is_readable_before_async_projection_and_published_after; tests/runtime/flows/test_working_vector_projection.py::test_projection_failure_is_reported_and_explicit_reindex_recovers；tests/runtime/flows/test_working_summaries.py::test_summary_failure_falls_back_to_original_and_can_retry_without_duplicates; tests/runtime/flows/test_working_summaries.py::test_correction_while_summary_runs_cannot_overwrite_new_source；tests/runtime/flows/test_azure_process_business.py::test_real_http_restarts_original_job_then_corrects_and_deletes,在AKS执行迁移后的保留测试；真实业务验收禁止SQLite/隐式本地回退与skip。确定性故障注入仍须独立标记。,c1c321594a625b9c0a59cf16897f45679439ed265bf17b85bce80a507fd38f91
E:/projects/codex/aether/AgentJYS-main/tests/unit/test_session_extraction_policy.py,TEST-077,tests/unit/test_session_extraction_policy.py,True,随退休实现删除对应旧测试,随退休实现整文件删除；有效横向断言按本表迁移,test_default_session_policy_emits_a_traceable_memory_event; test_consolidation_uses_injected_extraction_policy; test_consolidation_uses_async_memory_extraction_port; test_consolidation_rejects_two_extraction_configuration_paths,旧接口路径/Mock输出形状/独立Sidecar-Celery装配不保留；仍有效的授权、版本、TTL、故障保护和回执约束迁至下列当前门禁，不声称新旧产品接口等同。,tests/runtime/p3/test_foundation.py::test_cross_user_and_cross_tenant_queries_rejected; tests/runtime/p3/test_foundation.py::test_identity_forgery_scope_selector_and_revocation；tests/runtime/flows/test_working_vector_projection.py::test_saved_working_is_readable_before_async_projection_and_published_after; tests/runtime/flows/test_working_vector_projection.py::test_projection_failure_is_reported_and_explicit_reindex_recovers；tests/runtime/flows/test_working_summaries.py::test_summary_failure_falls_back_to_original_and_can_retry_without_duplicates; tests/runtime/flows/test_working_summaries.py::test_correction_while_summary_runs_cannot_overwrite_new_source；tests/runtime/flows/test_azure_process_business.py::test_real_http_restarts_original_job_then_corrects_and_deletes,在AKS执行迁移后的保留测试；真实业务验收禁止SQLite/隐式本地回退与skip。确定性故障注入仍须独立标记。,ec6a531439968018a33e1e6f786449b95ab573f5753cfecae00e68875cfb5bec
E:/projects/codex/aether/AgentJYS-main/tests/unit/test_session_extraction_worker.py,TEST-078,tests/unit/test_session_extraction_worker.py,True,迁移有效断言后删除旧测试或删除旧段落,迁移恢复约束后删除旧 CelerySessionWorker 测试,test_session_extraction_worker_claims_completes_and_retries,claim/late owner/retry语义由Temporal任务预算、stage checkpoint与失ACK门禁接替。,tests/runtime/temporal/test_task_workflow.py::test_revoked_identity_rejects_late_commit; tests/runtime/temporal/test_task_workflow.py::test_late_delivery_cannot_reacquire_after_next_stage；tests/runtime/temporal/test_remember_workflows.py；tests/runtime/flows/test_azure_process_business.py::test_real_http_restarts_original_job_then_corrects_and_deletes,在AKS执行迁移后的保留测试；真实业务验收禁止SQLite/隐式本地回退与skip。确定性故障注入仍须独立标记。,f874a5255f436b39aa10982cf793b98f5712245f9971b3e65976fd0d2d9c6e84
E:/projects/codex/aether/AgentJYS-main/tests/unit/test_session_service.py,TEST-079,tests/unit/test_session_service.py,True,随退休实现删除对应旧测试,随退休实现整文件删除；有效横向断言按本表迁移,test_session_append_and_commit_archive_with_l0_l1; test_session_commit_is_noop_inside_keep_recent_window; test_session_store_rejects_stale_revision; test_commit_enqueues_archive_extraction_after_cas; test_extraction_queue_deduplicates_archive_jobs,旧接口路径/Mock输出形状/独立Sidecar-Celery装配不保留；仍有效的授权、版本、TTL、故障保护和回执约束迁至下列当前门禁，不声称新旧产品接口等同。,tests/runtime/p3/test_foundation.py::test_cross_user_and_cross_tenant_queries_rejected; tests/runtime/p3/test_foundation.py::test_identity_forgery_scope_selector_and_revocation；tests/runtime/flows/test_working_vector_projection.py::test_saved_working_is_readable_before_async_projection_and_published_after; tests/runtime/flows/test_working_vector_projection.py::test_projection_failure_is_reported_and_explicit_reindex_recovers；tests/runtime/flows/test_working_summaries.py::test_summary_failure_falls_back_to_original_and_can_retry_without_duplicates; tests/runtime/flows/test_working_summaries.py::test_correction_while_summary_runs_cannot_overwrite_new_source；tests/runtime/flows/test_azure_process_business.py::test_real_http_restarts_original_job_then_corrects_and_deletes,在AKS执行迁移后的保留测试；真实业务验收禁止SQLite/隐式本地回退与skip。确定性故障注入仍须独立标记。,f57fef1dccdadc462015cd86f11fd8812c5cb79b816495b38edfc8f10a93c35f
E:/projects/codex/aether/AgentJYS-main/tests/unit/test_signal_emitter.py,TEST-080,tests/unit/test_signal_emitter.py,True,随退休实现删除对应旧测试,随退休实现整文件删除；有效横向断言按本表迁移,test_emit_collects_signals; test_clear_resets_signals; test_signals_is_readonly_view,旧接口路径/Mock输出形状/独立Sidecar-Celery装配不保留；仍有效的授权、版本、TTL、故障保护和回执约束迁至下列当前门禁，不声称新旧产品接口等同。,tests/runtime/flows/test_azure_cache_executor.py::test_repair_lost_response_can_be_queried_with_original_receipt; tests/runtime/flows/test_azure_cache_executor.py::test_purge_during_remote_copy_prevents_late_publication；tests/runtime/flows/test_azure_cache.py::test_cache_does_not_cross_scope; tests/runtime/flows/test_azure_cache.py::test_quota_is_atomic_under_competing_writers; tests/runtime/flows/test_azure_cache.py::test_corruption_is_not_a_miss_or_successful_cleanup；tests/runtime/temporal/test_operate_workflow.py,在AKS执行迁移后的保留测试；真实业务验收禁止SQLite/隐式本地回退与skip。确定性故障注入仍须独立标记。,54d43d4cc79a1154e500c004e54873d88be1b2d7486b3d22c7f88effdd2ca02f
E:/projects/codex/aether/AgentJYS-main/tests/unit/test_signal_models.py,TEST-081,tests/unit/test_signal_models.py,True,随退休实现删除对应旧测试,随退休实现整文件删除；有效横向断言按本表迁移,test_signal_defaults; test_signal_with_heat_and_metadata,旧接口路径/Mock输出形状/独立Sidecar-Celery装配不保留；仍有效的授权、版本、TTL、故障保护和回执约束迁至下列当前门禁，不声称新旧产品接口等同。,tests/runtime/flows/test_azure_cache_executor.py::test_repair_lost_response_can_be_queried_with_original_receipt; tests/runtime/flows/test_azure_cache_executor.py::test_purge_during_remote_copy_prevents_late_publication；tests/runtime/flows/test_azure_cache.py::test_cache_does_not_cross_scope; tests/runtime/flows/test_azure_cache.py::test_quota_is_atomic_under_competing_writers; tests/runtime/flows/test_azure_cache.py::test_corruption_is_not_a_miss_or_successful_cleanup；tests/runtime/temporal/test_operate_workflow.py,在AKS执行迁移后的保留测试；真实业务验收禁止SQLite/隐式本地回退与skip。确定性故障注入仍须独立标记。,f78ab68473548ac3567ac709d6f4c6349313b520460ffdc0f80e6f5d686b6319
E:/projects/codex/aether/AgentJYS-main/tests/unit/test_signal_persistence.py,TEST-082,tests/unit/test_signal_persistence.py,True,随退休实现删除对应旧测试,随退休实现整文件删除；有效横向断言按本表迁移,test_redis_signal_emitter_persists_signal; test_redis_signal_emitter_rejects_bad_ttl,旧接口路径/Mock输出形状/独立Sidecar-Celery装配不保留；仍有效的授权、版本、TTL、故障保护和回执约束迁至下列当前门禁，不声称新旧产品接口等同。,tests/runtime/flows/test_azure_cache_executor.py::test_repair_lost_response_can_be_queried_with_original_receipt; tests/runtime/flows/test_azure_cache_executor.py::test_purge_during_remote_copy_prevents_late_publication；tests/runtime/flows/test_azure_cache.py::test_cache_does_not_cross_scope; tests/runtime/flows/test_azure_cache.py::test_quota_is_atomic_under_competing_writers; tests/runtime/flows/test_azure_cache.py::test_corruption_is_not_a_miss_or_successful_cleanup；tests/runtime/temporal/test_operate_workflow.py,在AKS执行迁移后的保留测试；真实业务验收禁止SQLite/隐式本地回退与skip。确定性故障注入仍须独立标记。,9bfcfb8f47aa42a47224226eeb9de1b4bf1e125de900c176a35f5d4ee2c2cb0a
E:/projects/codex/aether/AgentJYS-main/tests/unit/test_skill_context.py,TEST-083,tests/unit/test_skill_context.py,True,随退休实现删除对应旧测试,随退休实现整文件删除；有效横向断言按本表迁移,test_skill_reader_exposes_agent_level_l0_l1_l2_context; test_skill_registration_rejects_mismatched_request_scope; test_skill_reader_does_not_leak_other_agent_skills; test_skill_root_is_mounted_from_a_session_context; test_skill_delete_removes_fact_and_derived_index_entry,旧接口路径/Mock输出形状/独立Sidecar-Celery装配不保留；仍有效的授权、版本、TTL、故障保护和回执约束迁至下列当前门禁，不声称新旧产品接口等同。,tests/runtime/p3/test_foundation.py::test_cross_user_and_cross_tenant_queries_rejected; tests/runtime/p3/test_foundation.py::test_identity_forgery_scope_selector_and_revocation；tests/runtime/flows/test_working_vector_projection.py::test_saved_working_is_readable_before_async_projection_and_published_after; tests/runtime/flows/test_working_vector_projection.py::test_projection_failure_is_reported_and_explicit_reindex_recovers；tests/runtime/flows/test_working_summaries.py::test_summary_failure_falls_back_to_original_and_can_retry_without_duplicates; tests/runtime/flows/test_working_summaries.py::test_correction_while_summary_runs_cannot_overwrite_new_source；tests/runtime/flows/test_azure_process_business.py::test_real_http_restarts_original_job_then_corrects_and_deletes,在AKS执行迁移后的保留测试；真实业务验收禁止SQLite/隐式本地回退与skip。确定性故障注入仍须独立标记。,985fa44df1e3e3e72edbb7ffc80e4a47e18350b2955abbf7aa6fa74ee32bb14e
E:/projects/codex/aether/AgentJYS-main/tests/unit/test_summarize_acceptance.py,TEST-084,tests/unit/test_summarize_acceptance.py,True,随退休实现删除对应旧测试,随退休实现整文件删除；有效横向断言按本表迁移,test_phase_one_passes_with_target_throughput; test_phase_one_requires_target_throughput; test_phase_one_requires_contract_pass; test_phase_two_accepts_pass_and_passed_gates; test_phase_two_fails_working_p99_over_limit; test_phase_two_reports_missing_data_as_not_verified,旧B1/B2汇总器专属门槛代码退出；有效合同指标/无数据不得报告通过规则保留在正式合同与报告，不用删除测试替代当前性能验收。,原合同与历史正式报告保留；当前性能尚未验收,在AKS执行迁移后的保留测试；真实业务验收禁止SQLite/隐式本地回退与skip。确定性故障注入仍须独立标记。,c95c0df6ec5784232a4f4982fa7eda084eb10a4d48bc460865b407d4f2ccf66a
E:/projects/codex/aether/AgentJYS-main/tests/unit/test_task_scope.py,TEST-085,tests/unit/test_task_scope.py,True,迁移有效断言后删除旧测试或删除旧段落,迁移scope/capability断言后删除旧TaskUseCase测试,test_task_scope_matching_passes; test_task_scope_mismatch_raises; test_task_scope_mismatch_agent_raises; test_task_scope_without_caller_scope_passes; test_task_status_rejects_non_capability_id_before_store_access,跨tenant/user/agent拒绝、无权selector不扩大scope、能力ID格式先校验；无caller scope放行旧规则退出。,tests/runtime/p3/test_foundation.py::test_cross_user_and_cross_tenant_queries_rejected; tests/runtime/p3/test_foundation.py::test_identity_forgery_scope_selector_and_revocation；tests/runtime/temporal/test_ingress.py；tests/integration/test_operation_lookup.py,在AKS执行迁移后的保留测试；真实业务验收禁止SQLite/隐式本地回退与skip。确定性故障注入仍须独立标记。,7d27b5ed94b38a13e373073e269a1804feaf3b9c14cd77ece88e5021953fd6eb
E:/projects/codex/aether/AgentJYS-main/tests/unit/test_unified_retrieval.py,TEST-086,tests/unit/test_unified_retrieval.py,True,迁移有效断言后删除旧测试或删除旧段落,迁移有效来源断言后删除旧UnifiedRetrieval测试,test_unified_retrieval_fuses_working_and_long_document; test_p2e1_source_marks_failure_as_missing_source; test_p2e1_source_returns_recall_candidates,Working/long-term来源融合、依赖失败不当空集、canonical候选身份；旧P2E1输出shape退出。,tests/runtime/flows/test_recall_pipeline.py::test_source_timeout_preserves_working_and_records_reason; tests/runtime/flows/test_recall_pipeline.py::test_stale_candidates_trigger_bounded_refill；tests/runtime/flows/test_generation_assembly.py；tests/runtime/flows/test_azure_vector_contract.py::test_real_projection_replay_environment_isolation_and_reconstruction; tests/runtime/flows/test_azure_vector_contract.py::test_real_search_filters_source_and_scope_and_rejects_corrupt_payload,在AKS执行迁移后的保留测试；真实业务验收禁止SQLite/隐式本地回退与skip。确定性故障注入仍须独立标记。,a992723bad0eca8dca6f06299708749691fbc3bc95ad667fc829920442d588e8
E:/projects/codex/aether/AgentJYS-main/tests/unit/test_working_manager.py,TEST-087,tests/unit/test_working_manager.py,True,随退休实现删除对应旧测试,随退休实现整文件删除；有效横向断言按本表迁移,test_write_and_get; test_get_missing_returns_none; test_query_by_session; test_query_by_agent_and_user; test_write_applies_default_ttl; test_expire_stale_marks_expired; test_expire_stale_skips_already_expired; test_update_state_active_to_archived; test_update_state_illegal_raises; test_update_state_missing_raises; test_delete; test_recall_orders_by_recency; test_recall_filters_by_session; test_recall_excludes_expired,旧接口路径/Mock输出形状/独立Sidecar-Celery装配不保留；仍有效的授权、版本、TTL、故障保护和回执约束迁至下列当前门禁，不声称新旧产品接口等同。,tests/runtime/p3/test_foundation.py::test_cross_user_and_cross_tenant_queries_rejected; tests/runtime/p3/test_foundation.py::test_identity_forgery_scope_selector_and_revocation；tests/runtime/flows/test_working_vector_projection.py::test_saved_working_is_readable_before_async_projection_and_published_after; tests/runtime/flows/test_working_vector_projection.py::test_projection_failure_is_reported_and_explicit_reindex_recovers；tests/runtime/flows/test_working_summaries.py::test_summary_failure_falls_back_to_original_and_can_retry_without_duplicates; tests/runtime/flows/test_working_summaries.py::test_correction_while_summary_runs_cannot_overwrite_new_source；tests/runtime/flows/test_azure_process_business.py::test_real_http_restarts_original_job_then_corrects_and_deletes,在AKS执行迁移后的保留测试；真实业务验收禁止SQLite/隐式本地回退与skip。确定性故障注入仍须独立标记。,4ccf3dfdff28a4beaa31a5580ee1a570212e20b3f55b4dfe4a92f0c336ea2ca9
